Workbook
Name ApparentRecipeLevel: NotesCalculator!$C$98
Name this.ExpBonus: NotesCalculator!$F$111
Name ExpBuffs: NotesCalculator!$C$101
Name this.LevelDifference: NotesCalculator!$D$103
Name RecipeExpModTable: RecipeExpModTable!$A$2:$B$23
Name QualityGain: NotesCalculator!$C$99
Name ClassJobLevel: NotesCalculator!$C$97
Name TotalQuality: NotesCalculator!$C$100
Name this.ExpLevelMod: NotesCalculator!$F$105
Name this.ExpReward: NotesCalculator!$H$113
Name this.CraftExp: NotesCalculator!$H$107
Name RecipeBaseExpTable: RecipeBaseExpTable!$A$2:$B$101
Name RecipeBonusExpTable: RecipeBonusExpTable!$A$2:$B$102
Name SEQUENCE: RecipeBonusExpTable!$A$2:$A$102
Name this.QualityFactor: NotesCalculator!$D$109
Name QUALITYFACTOR: LAMBDA(FLOOR(QualityGain / TotalQuality * 100))
Name EXPREWARD: LAMBDA(FLOOR((this.CraftExp * (1 + this.ExpBonus)) + FLOOR(this.CraftExp * ExpBuffs)))
Name LEVELDIFFERENCE: LAMBDA(MIN(21,MAX(0,ClassJobLevel - ApparentRecipeLevel)))
Name EXPBONUS: LAMBDA(VLOOKUP(this.QualityFactor,RecipeBonusExpTable,2,0) / 100)
Name EXPLEVELMOD: LAMBDA(VLOOKUP(this.LevelDifference,RecipeExpModTable,2,0))
Name CRAFTEXP: LAMBDA(FLOOR(VLOOKUP(ApparentRecipeLevel,RecipeBaseExpTable,2,0) / 3 * this.ExpLevelMod / 100))

Sheet RecipeMappedExp.csv
A1: key | B1: 0 | C1: 1 | D1: 2 | E1: 3 | F1: 4 | G1: 5 | H1: 6 | I1: 7 | J1: 8 | K1: 9 | L1: 10 | M1: 11 | N1: 12 | O1: 13 | P1: 14 | Q1: 15 | R1: 16 | S1: 17 | T1: 18 | U1: 19 | V1: 20 | W1: 21 | X1: 22
A2: # | B2: Exp{Base} | C2: Exp[0] | D2: Exp[1] | E2: Exp[2] | F2: Exp[3] | G2: Exp[4] | H2: Exp[5] | I2: Exp[6] | J2: Exp[7] | K2: Exp[8] | L2: Exp[9] | M2: Exp[10] | N2: Exp[11] | O2: Exp[12] | P2: Exp[13] | Q2: Exp[14] | R2: Exp[15] | S2: Exp[16] | T2: Exp[17] | U2: Exp[18] | V2: Exp[19] | W2: Exp[20] | X2: Exp[21]
A3: int16 | B3: uint32 | C3: uint32 | D3: uint32 | E3: uint32 | F3: uint32 | G3: uint32 | H3: uint32 | I3: uint32 | J3: uint32 | K3: uint32 | L3: uint32 | M3: uint32 | N3: uint32 | O3: uint32 | P3: uint32 | Q3: uint32 | R3: uint32 | S3: uint32 | T3: uint32 | U3: uint32 | V3: uint32 | W3: uint32 | X3: uint32
A4: 1 | B4: 540 | C4: 180 | D4: 172 | E4: 165 | F4: 158 | G4: 151 | H4: 144 | I4: 135 | J4: 126 | K4: 117 | L4: 108 | M4: 99 | N4: 81 | O4: 63 | P4: 45 | Q4: 36 | R4: 32 | S4: 28 | T4: 27 | U4: 25 | V4: 23 | W4: 21 | X4: 18
A5: 2 | B5: 582 | C5: 194 | D5: 186 | E5: 178 | F5: 170 | G5: 162 | H5: 155 | I5: 145 | J5: 135 | K5: 126 | L5: 116 | M5: 106 | N5: 87 | O5: 67 | P5: 48 | Q5: 38 | R5: 34 | S5: 31 | T5: 29 | U5: 27 | V5: 25 | W5: 23 | X5: 19
A6: 3 | B6: 630 | C6: 210 | D6: 201 | E6: 193 | F6: 184 | G6: 176 | H6: 168 | I6: 157 | J6: 147 | K6: 136 | L6: 126 | M6: 115 | N6: 94 | O6: 73 | P6: 52 | Q6: 42 | R6: 37 | S6: 33 | T6: 31 | U6: 29 | V6: 27 | W6: 25 | X6: 21
A7: 4 | B7: 795 | C7: 265 | D7: 254 | E7: 243 | F7: 233 | G7: 222 | H7: 212 | I7: 198 | J7: 185 | K7: 172 | L7: 159 | M7: 145 | N7: 119 | O7: 92 | P7: 66 | Q7: 53 | R7: 47 | S7: 42 | T7: 39 | U7: 37 | V7: 34 | W7: 31 | X7: 26
A8: 5 | B8: 996 | C8: 332 | D8: 318 | E8: 305 | F8: 292 | G8: 278 | H8: 265 | I8: 249 | J8: 232 | K8: 215 | L8: 199 | M8: 182 | N8: 149 | O8: 116 | P8: 83 | Q8: 66 | R8: 59 | S8: 53 | T8: 49 | U8: 46 | V8: 43 | W8: 39 | X8: 33
A9: 6 | B9: 1050 | C9: 350 | D9: 336 | E9: 322 | F9: 308 | G9: 294 | H9: 280 | I9: 262 | J9: 245 | K9: 227 | L9: 210 | M9: 192 | N9: 157 | O9: 122 | P9: 87 | Q9: 70 | R9: 63 | S9: 56 | T9: 52 | U9: 49 | V9: 45 | W9: 42 | X9: 35
A10: 7 | B10: 1176 | C10: 392 | D10: 376 | E10: 360 | F10: 344 | G10: 329 | H10: 313 | I10: 294 | J10: 274 | K10: 254 | L10: 235 | M10: 215 | N10: 176 | O10: 137 | P10: 98 | Q10: 78 | R10: 70 | S10: 62 | T10: 58 | U10: 54 | V10: 50 | W10: 47 | X10: 39
A11: 8 | B11: 1263 | C11: 421 | D11: 404 | E11: 387 | F11: 370 | G11: 353 | H11: 336 | I11: 315 | J11: 294 | K11: 273 | L11: 252 | M11: 231 | N11: 189 | O11: 147 | P11: 105 | Q11: 84 | R11: 75 | S11: 67 | T11: 63 | U11: 58 | V11: 54 | W11: 50 | X11: 42
A12: 9 | B12: 1356 | C12: 452 | D12: 433 | E12: 415 | F12: 397 | G12: 379 | H12: 361 | I12: 339 | J12: 316 | K12: 293 | L12: 271 | M12: 248 | N12: 203 | O12: 158 | P12: 113 | Q12: 90 | R12: 81 | S12: 72 | T12: 67 | U12: 63 | V12: 58 | W12: 54 | X12: 45
A13: 10 | B13: 1437 | C13: 479 | D13: 459 | E13: 440 | F13: 421 | G13: 402 | H13: 383 | I13: 359 | J13: 335 | K13: 311 | L13: 287 | M13: 263 | N13: 215 | O13: 167 | P13: 119 | Q13: 95 | R13: 86 | S13: 76 | T13: 71 | U13: 67 | V13: 62 | W13: 57 | X13: 47
A14: 11 | B14: 1629 | C14: 543 | D14: 521 | E14: 499 | F14: 477 | G14: 456 | H14: 434 | I14: 407 | J14: 380 | K14: 352 | L14: 325 | M14: 298 | N14: 244 | O14: 190 | P14: 135 | Q14: 108 | R14: 97 | S14: 86 | T14: 81 | U14: 76 | V14: 70 | W14: 65 | X14: 54
A15: 12 | B15: 1725 | C15: 575 | D15: 552 | E15: 529 | F15: 506 | G15: 483 | H15: 460 | I15: 431 | J15: 402 | K15: 373 | L15: 345 | M15: 316 | N15: 258 | O15: 201 | P15: 143 | Q15: 115 | R15: 103 | S15: 92 | T15: 86 | U15: 80 | V15: 74 | W15: 69 | X15: 57
... A103: 100 | B103: 522414 | C103: 174138 | D103: 167172 | E103: 160206 | F103: 153241 | G103: 146275 | H103: 139310 | I103: 130603 | J103: 121896 | K103: 113189 | L103: 104482 | M103: 95775 | N103: 78362 | O103: 60948 | P103: 43534 | Q103: 34827 | R103: 31344 | S103: 27862 | T103: 26120 | U103: 24379 | V103: 22637 | W103: 20896 | X103: 17413

Sheet SanityCheck
A1: Lv.# | B1: Level Difference | E1: 0 | F1: 1 | G1: 2 | H1: 3 | I1: 4 | J1: 5 | K1: 6 | L1: 7 | M1: 8 | N1: 9 | O1: 10 | P1: 11 | Q1: 12 | R1: 13 | S1: 14 | T1: 15 | U1: 16 | V1: 17 | W1: 18 | X1: 19 | Y1: 20 | Z1: 21
B2: Lv. Diff MOD | D2: 300 | E2: 100 | F2: 96 | G2: 92 | H2: 88 | I2: 84 | J2: 80 | K2: 75 | L2: 70 | M2: 65 | N2: 60 | O2: 55 | P2: 45 | Q2: 35 | R2: 25 | S2: 20 | T2: 18 | U2: 16 | V2: 15 | W2: 14 | X2: 13 | Y2: 12 | Z2: 10
B3: Step | D3: 200 | E3: 0 | F3: 4 | G3: 4 | H3: 4 | I3: 4 | J3: 4 | K3: 5 | L3: 5 | M3: 5 | N3: 5 | O3: 5 | P3: 10 | Q3: 10 | R3: 10 | S3: 5 | T3: 2 | U3: 2 | V3: 1 | W3: 1 | X3: 1 | Y3: 1 | Z3: 2
A4: 1 | B4: Act. EXP | D4: {=INDEX(RecipeMappedExp.csv!$B$4:$B$103,$A4,1)} -> 540 | E4: {=IFERROR(INDEX(RecipeMappedExp.csv!$C$4:$X$103,$A4,1 + E$1),"")} -> 180 | F4: {=IFERROR(INDEX(RecipeMappedExp.csv!$C$4:$X$103,$A4,1 + F$1),"")} -> 172 | G4: {=IFERROR(INDEX(RecipeMappedExp.csv!$C$4:$X$103,$A4,1 + G$1),"")} -> 165 | H4: {=IFERROR(INDEX(RecipeMappedExp.csv!$C$4:$X$103,$A4,1 + H$1),"")} -> 158 | I4: {=IFERROR(INDEX(RecipeMappedExp.csv!$C$4:$X$103,$A4,1 + I$1),"")} -> 151 | J4: {=IFERROR(INDEX(RecipeMappedExp.csv!$C$4:$X$103,$A4,1 + J$1),"")} -> 144 | K4: {=IFERROR(INDEX(RecipeMappedExp.csv!$C$4:$X$103,$A4,1 + K$1),"")} -> 135 | L4: {=IFERROR(INDEX(RecipeMappedExp.csv!$C$4:$X$103,$A4,1 + L$1),"")} -> 126 | ... Z4: {=IFERROR(INDEX(RecipeMappedExp.csv!$C$4:$X$103,$A4,1 + Z$1),"")} -> 18
B5: Exp. EXP | D5: =D4 -> 540 | E5: {=FLOOR($D4 / 3 * $E$2:$Z$2 / 100,1)} -> 180 | F5: 172 | G5: 165 | H5: 158 | I5: 151 | J5: 144 | K5: 135 | L5: 126 | M5: 117 | N5: 108 | O5: 99 | P5: 81 | Q5: 63 | R5: 45 | S5: 36 | T5: 32 | U5: 28 | V5: 27 | W5: 25 | X5: 23 | Y5: 21 | Z5: 18 | AA5: {=IF($D5:$Z5 = $D4:$Z4,TRUE,FALSE)} -> TRUE | AB5: TRUE | AC5: TRUE | AD5: TRUE | AE5: TRUE | AF5: TRUE | AG5: TRUE | AH5: TRUE | AI5: TRUE | AJ5: TRUE | AK5: TRUE | AL5: TRUE | AM5: TRUE | AN5: TRUE | AO5: TRUE | AP5: TRUE | AQ5: TRUE | AR5: TRUE | AS5: TRUE | AT5: TRUE | AU5: TRUE | AV5: TRUE | AW5: TRUE
B6: Exp. MOD | D6: {=IFERROR(ROUND(D4:Z4 / $E4 * 100,0),"")} -> 300 | E6: 100 | F6: 96 | G6: 92 | H6: 88 | I6: 84 | J6: 80 | K6: 75 | L6: 70 | M6: 65 | N6: 60 | O6: 55 | P6: 45 | Q6: 35 | R6: 25 | S6: 20 | T6: 18 | U6: 16 | V6: 15 | W6: 14 | X6: 13 | Y6: 12 | Z6: 10
A7: 2 | B7: Act. EXP | D7: {=INDEX(RecipeMappedExp.csv!$B$4:$B$103,$A7,1)} -> 582 | E7: {=IFERROR(INDEX(RecipeMappedExp.csv!$C$4:$X$103,$A7,1 + E$1),"")} -> 194 | F7: {=IFERROR(INDEX(RecipeMappedExp.csv!$C$4:$X$103,$A7,1 + F$1),"")} -> 186 | G7: {=IFERROR(INDEX(RecipeMappedExp.csv!$C$4:$X$103,$A7,1 + G$1),"")} -> 178 | H7: {=IFERROR(INDEX(RecipeMappedExp.csv!$C$4:$X$103,$A7,1 + H$1),"")} -> 170 | I7: {=IFERROR(INDEX(RecipeMappedExp.csv!$C$4:$X$103,$A7,1 + I$1),"")} -> 162 | J7: {=IFERROR(INDEX(RecipeMappedExp.csv!$C$4:$X$103,$A7,1 + J$1),"")} -> 155 | K7: {=IFERROR(INDEX(RecipeMappedExp.csv!$C$4:$X$103,$A7,1 + K$1),"")} -> 145 | L7: {=IFERROR(INDEX(RecipeMappedExp.csv!$C$4:$X$103,$A7,1 + L$1),"")} -> 135 | ... Z7: {=IFERROR(INDEX(RecipeMappedExp.csv!$C$4:$X$103,$A7,1 + Z$1),"")} -> 19
B8: Exp. EXP | D8: =D7 -> 582 | E8: {=FLOOR($D7 / 3 * $E$2:$Z$2 / 100,1)} -> 194 | F8: 186 | G8: 178 | H8: 170 | I8: 162 | J8: 155 | K8: 145 | L8: 135 | M8: 126 | N8: 116 | O8: 106 | P8: 87 | Q8: 67 | R8: 48 | S8: 38 | T8: 34 | U8: 31 | V8: 29 | W8: 27 | X8: 25 | Y8: 23 | Z8: 19 | AA8: {=IF($D8:$Z8 = $D7:$Z7,TRUE,FALSE)} -> TRUE | AB8: TRUE | AC8: TRUE | AD8: TRUE | AE8: TRUE | AF8: TRUE | AG8: TRUE | AH8: TRUE | AI8: TRUE | AJ8: TRUE | AK8: TRUE | AL8: TRUE | AM8: TRUE | AN8: TRUE | AO8: TRUE | AP8: TRUE | AQ8: TRUE | AR8: TRUE | AS8: TRUE | AT8: TRUE | AU8: TRUE | AV8: TRUE | AW8: TRUE
B9: Exp. MOD | D9: {=IFERROR(ROUND(D7:Z7 / $E7 * 100,0),"")} -> 300 | E9: 100 | F9: 96 | G9: 92 | H9: 88 | I9: 84 | J9: 80 | K9: 75 | L9: 70 | M9: 65 | N9: 60 | O9: 55 | P9: 45 | Q9: 35 | R9: 25 | S9: 20 | T9: 18 | U9: 16 | V9: 15 | W9: 14 | X9: 13 | Y9: 12 | Z9: 10
A10: 3 | B10: Act. EXP | D10: {=INDEX(RecipeMappedExp.csv!$B$4:$B$103,$A10,1)} -> 630 | E10: {=IFERROR(INDEX(RecipeMappedExp.csv!$C$4:$X$103,$A10,1 + E$1),"")} -> 210 | F10: {=IFERROR(INDEX(RecipeMappedExp.csv!$C$4:$X$103,$A10,1 + F$1),"")} -> 201 | G10: {=IFERROR(INDEX(RecipeMappedExp.csv!$C$4:$X$103,$A10,1 + G$1),"")} -> 193 | H10: {=IFERROR(INDEX(RecipeMappedExp.csv!$C$4:$X$103,$A10,1 + H$1),"")} -> 184 | I10: {=IFERROR(INDEX(RecipeMappedExp.csv!$C$4:$X$103,$A10,1 + I$1),"")} -> 176 | J10: {=IFERROR(INDEX(RecipeMappedExp.csv!$C$4:$X$103,$A10,1 + J$1),"")} -> 168 | K10: {=IFERROR(INDEX(RecipeMappedExp.csv!$C$4:$X$103,$A10,1 + K$1),"")} -> 157 | L10: {=IFERROR(INDEX(RecipeMappedExp.csv!$C$4:$X$103,$A10,1 + L$1),"")} -> 147 | ... Z10: {=IFERROR(INDEX(RecipeMappedExp.csv!$C$4:$X$103,$A10,1 + Z$1),"")} -> 21
B11: Exp. EXP | D11: =D10 -> 630 | E11: {=FLOOR($D10 / 3 * $E$2:$Z$2 / 100,1)} -> 210 | F11: 201 | G11: 193 | H11: 184 | I11: 176 | J11: 168 | K11: 157 | L11: 147 | M11: 136 | N11: 126 | O11: 115 | P11: 94 | Q11: 73 | R11: 52 | S11: 42 | T11: 37 | U11: 33 | V11: 31 | W11: 29 | X11: 27 | Y11: 25 | Z11: 21 | AA11: {=IF($D11:$Z11 = $D10:$Z10,TRUE,FALSE)} -> TRUE | AB11: TRUE | AC11: TRUE | AD11: TRUE | AE11: TRUE | AF11: TRUE | AG11: TRUE | AH11: TRUE | AI11: TRUE | AJ11: TRUE | AK11: TRUE | AL11: TRUE | AM11: TRUE | AN11: TRUE | AO11: TRUE | AP11: TRUE | AQ11: TRUE | AR11: TRUE | AS11: TRUE | AT11: TRUE | AU11: TRUE | AV11: TRUE | AW11: TRUE
B12: Exp. MOD | D12: {=IFERROR(ROUND(D10:Z10 / $E10 * 100,0),"")} -> 300 | E12: 100 | F12: 96 | G12: 92 | H12: 88 | I12: 84 | J12: 80 | K12: 75 | L12: 70 | M12: 65 | N12: 60 | O12: 55 | P12: 45 | Q12: 35 | R12: 25 | S12: 20 | T12: 18 | U12: 16 | V12: 15 | W12: 14 | X12: 13 | Y12: 12 | Z12: 10
A13: 4 | B13: Act. EXP | D13: {=INDEX(RecipeMappedExp.csv!$B$4:$B$103,$A13,1)} -> 795 | E13: {=IFERROR(INDEX(RecipeMappedExp.csv!$C$4:$X$103,$A13,1 + E$1),"")} -> 265 | F13: {=IFERROR(INDEX(RecipeMappedExp.csv!$C$4:$X$103,$A13,1 + F$1),"")} -> 254 | G13: {=IFERROR(INDEX(RecipeMappedExp.csv!$C$4:$X$103,$A13,1 + G$1),"")} -> 243 | H13: {=IFERROR(INDEX(RecipeMappedExp.csv!$C$4:$X$103,$A13,1 + H$1),"")} -> 233 | I13: {=IFERROR(INDEX(RecipeMappedExp.csv!$C$4:$X$103,$A13,1 + I$1),"")} -> 222 | J13: {=IFERROR(INDEX(RecipeMappedExp.csv!$C$4:$X$103,$A13,1 + J$1),"")} -> 212 | K13: {=IFERROR(INDEX(RecipeMappedExp.csv!$C$4:$X$103,$A13,1 + K$1),"")} -> 198 | L13: {=IFERROR(INDEX(RecipeMappedExp.csv!$C$4:$X$103,$A13,1 + L$1),"")} -> 185 | ... Z13: {=IFERROR(INDEX(RecipeMappedExp.csv!$C$4:$X$103,$A13,1 + Z$1),"")} -> 26
B14: Exp. EXP | D14: =D13 -> 795 | E14: {=FLOOR($D13 / 3 * $E$2:$Z$2 / 100,1)} -> 265 | F14: 254 | G14: 243 | H14: 233 | I14: 222 | J14: 212 | K14: 198 | L14: 185 | M14: 172 | N14: 159 | O14: 145 | P14: 119 | Q14: 92 | R14: 66 | S14: 53 | T14: 47 | U14: 42 | V14: 39 | W14: 37 | X14: 34 | Y14: 31 | Z14: 26 | AA14: {=IF($D14:$Z14 = $D13:$Z13,TRUE,FALSE)} -> TRUE | AB14: TRUE | AC14: TRUE | AD14: TRUE | AE14: TRUE | AF14: TRUE | AG14: TRUE | AH14: TRUE | AI14: TRUE | AJ14: TRUE | AK14: TRUE | AL14: TRUE | AM14: TRUE | AN14: TRUE | AO14: TRUE | AP14: TRUE | AQ14: TRUE | AR14: TRUE | AS14: TRUE | AT14: TRUE | AU14: TRUE | AV14: TRUE | AW14: TRUE
B15: Exp. MOD | D15: {=IFERROR(ROUND(D13:Z13 / $E13 * 100,0),"")} -> 300 | E15: 100 | F15: 96 | G15: 92 | H15: 88 | I15: 84 | J15: 80 | K15: 75 | L15: 70 | M15: 65 | N15: 60 | O15: 55 | P15: 45 | Q15: 35 | R15: 25 | S15: 20 | T15: 18 | U15: 16 | V15: 15 | W15: 14 | X15: 13 | Y15: 12 | Z15: 10
A16: 5 | B16: Act. EXP | D16: {=INDEX(RecipeMappedExp.csv!$B$4:$B$103,$A16,1)} -> 996 | E16: {=IFERROR(INDEX(RecipeMappedExp.csv!$C$4:$X$103,$A16,1 + E$1),"")} -> 332 | F16: {=IFERROR(INDEX(RecipeMappedExp.csv!$C$4:$X$103,$A16,1 + F$1),"")} -> 318 | G16: {=IFERROR(INDEX(RecipeMappedExp.csv!$C$4:$X$103,$A16,1 + G$1),"")} -> 305 | H16: {=IFERROR(INDEX(RecipeMappedExp.csv!$C$4:$X$103,$A16,1 + H$1),"")} -> 292 | I16: {=IFERROR(INDEX(RecipeMappedExp.csv!$C$4:$X$103,$A16,1 + I$1),"")} -> 278 | J16: {=IFERROR(INDEX(RecipeMappedExp.csv!$C$4:$X$103,$A16,1 + J$1),"")} -> 265 | K16: {=IFERROR(INDEX(RecipeMappedExp.csv!$C$4:$X$103,$A16,1 + K$1),"")} -> 249 | L16: {=IFERROR(INDEX(RecipeMappedExp.csv!$C$4:$X$103,$A16,1 + L$1),"")} -> 232 | ... Z16: {=IFERROR(INDEX(RecipeMappedExp.csv!$C$4:$X$103,$A16,1 + Z$1),"")} -> 33
B17: Exp. EXP | D17: =D16 -> 996 | E17: {=FLOOR($D16 / 3 * $E$2:$Z$2 / 100,1)} -> 332 | F17: 318 | G17: 305 | H17: 292 | I17: 278 | J17: 265 | K17: 249 | L17: 232 | M17: 215 | N17: 199 | O17: 182 | P17: 149 | Q17: 116 | R17: 83 | S17: 66 | T17: 59 | U17: 53 | V17: 49 | W17: 46 | X17: 43 | Y17: 39 | Z17: 33 | AA17: {=IF($D17:$Z17 = $D16:$Z16,TRUE,FALSE)} -> TRUE | AB17: TRUE | AC17: TRUE | AD17: TRUE | AE17: TRUE | AF17: TRUE | AG17: TRUE | AH17: TRUE | AI17: TRUE | AJ17: TRUE | AK17: TRUE | AL17: TRUE | AM17: TRUE | AN17: TRUE | AO17: TRUE | AP17: TRUE | AQ17: TRUE | AR17: TRUE | AS17: TRUE | AT17: TRUE | AU17: TRUE | AV17: TRUE | AW17: TRUE
B18: Exp. MOD | D18: {=IFERROR(ROUND(D16:Z16 / $E16 * 100,0),"")} -> 300 | E18: 100 | F18: 96 | G18: 92 | H18: 88 | I18: 84 | J18: 80 | K18: 75 | L18: 70 | M18: 65 | N18: 60 | O18: 55 | P18: 45 | Q18: 35 | R18: 25 | S18: 20 | T18: 18 | U18: 16 | V18: 15 | W18: 14 | X18: 13 | Y18: 12 | Z18: 10
A19: 6 | B19: Act. EXP | D19: {=INDEX(RecipeMappedExp.csv!$B$4:$B$103,$A19,1)} -> 1050 | E19: {=IFERROR(INDEX(RecipeMappedExp.csv!$C$4:$X$103,$A19,1 + E$1),"")} -> 350 | F19: {=IFERROR(INDEX(RecipeMappedExp.csv!$C$4:$X$103,$A19,1 + F$1),"")} -> 336 | G19: {=IFERROR(INDEX(RecipeMappedExp.csv!$C$4:$X$103,$A19,1 + G$1),"")} -> 322 | H19: {=IFERROR(INDEX(RecipeMappedExp.csv!$C$4:$X$103,$A19,1 + H$1),"")} -> 308 | I19: {=IFERROR(INDEX(RecipeMappedExp.csv!$C$4:$X$103,$A19,1 + I$1),"")} -> 294 | J19: {=IFERROR(INDEX(RecipeMappedExp.csv!$C$4:$X$103,$A19,1 + J$1),"")} -> 280 | K19: {=IFERROR(INDEX(RecipeMappedExp.csv!$C$4:$X$103,$A19,1 + K$1),"")} -> 262 | L19: {=IFERROR(INDEX(RecipeMappedExp.csv!$C$4:$X$103,$A19,1 + L$1),"")} -> 245 | ... Z19: {=IFERROR(INDEX(RecipeMappedExp.csv!$C$4:$X$103,$A19,1 + Z$1),"")} -> 35
B20: Exp. EXP | D20: =D19 -> 1050 | E20: {=FLOOR($D19 / 3 * $E$2:$Z$2 / 100,1)} -> 350 | F20: 336 | G20: 322 | H20: 308 | I20: 294 | J20: 280 | K20: 262 | L20: 245 | M20: 227 | N20: 210 | O20: 192 | P20: 157 | Q20: 122 | R20: 87 | S20: 70 | T20: 63 | U20: 56 | V20: 52 | W20: 49 | X20: 45 | Y20: 42 | Z20: 35 | AA20: {=IF($D20:$Z20 = $D19:$Z19,TRUE,FALSE)} -> TRUE | AB20: TRUE | AC20: TRUE | AD20: TRUE | AE20: TRUE | AF20: TRUE | AG20: TRUE | AH20: TRUE | AI20: TRUE | AJ20: TRUE | AK20: TRUE | AL20: TRUE | AM20: TRUE | AN20: TRUE | AO20: TRUE | AP20: TRUE | AQ20: TRUE | AR20: TRUE | AS20: TRUE | AT20: TRUE | AU20: TRUE | AV20: TRUE | AW20: TRUE
B21: Exp. MOD | D21: {=IFERROR(ROUND(D19:Z19 / $E19 * 100,0),"")} -> 300 | E21: 100 | F21: 96 | G21: 92 | H21: 88 | I21: 84 | J21: 80 | K21: 75 | L21: 70 | M21: 65 | N21: 60 | O21: 55 | P21: 45 | Q21: 35 | R21: 25 | S21: 20 | T21: 18 | U21: 16 | V21: 15 | W21: 14 | X21: 13 | Y21: 12 | Z21: 10
A22: 7 | B22: Act. EXP | D22: {=INDEX(RecipeMappedExp.csv!$B$4:$B$103,$A22,1)} -> 1176 | E22: {=IFERROR(INDEX(RecipeMappedExp.csv!$C$4:$X$103,$A22,1 + E$1),"")} -> 392 | F22: {=IFERROR(INDEX(RecipeMappedExp.csv!$C$4:$X$103,$A22,1 + F$1),"")} -> 376 | G22: {=IFERROR(INDEX(RecipeMappedExp.csv!$C$4:$X$103,$A22,1 + G$1),"")} -> 360 | H22: {=IFERROR(INDEX(RecipeMappedExp.csv!$C$4:$X$103,$A22,1 + H$1),"")} -> 344 | I22: {=IFERROR(INDEX(RecipeMappedExp.csv!$C$4:$X$103,$A22,1 + I$1),"")} -> 329 | J22: {=IFERROR(INDEX(RecipeMappedExp.csv!$C$4:$X$103,$A22,1 + J$1),"")} -> 313 | K22: {=IFERROR(INDEX(RecipeMappedExp.csv!$C$4:$X$103,$A22,1 + K$1),"")} -> 294 | L22: {=IFERROR(INDEX(RecipeMappedExp.csv!$C$4:$X$103,$A22,1 + L$1),"")} -> 274 | ... Z22: {=IFERROR(INDEX(RecipeMappedExp.csv!$C$4:$X$103,$A22,1 + Z$1),"")} -> 39
B23: Exp. EXP | D23: =D22 -> 1176 | E23: {=FLOOR($D22 / 3 * $E$2:$Z$2 / 100,1)} -> 392 | F23: 376 | G23: 360 | H23: 344 | I23: 329 | J23: 313 | K23: 294 | L23: 274 | M23: 254 | N23: 235 | O23: 215 | P23: 176 | Q23: 137 | R23: 98 | S23: 78 | T23: 70 | U23: 62 | V23: 58 | W23: 54 | X23: 50 | Y23: 47 | Z23: 39 | AA23: {=IF($D23:$Z23 = $D22:$Z22,TRUE,FALSE)} -> TRUE | AB23: TRUE | AC23: TRUE | AD23: TRUE | AE23: TRUE | AF23: TRUE | AG23: TRUE | AH23: TRUE | AI23: TRUE | AJ23: TRUE | AK23: TRUE | AL23: TRUE | AM23: TRUE | AN23: TRUE | AO23: TRUE | AP23: TRUE | AQ23: TRUE | AR23: TRUE | AS23: TRUE | AT23: TRUE | AU23: TRUE | AV23: TRUE | AW23: TRUE
B24: Exp. MOD | D24: {=IFERROR(ROUND(D22:Z22 / $E22 * 100,0),"")} -> 300 | E24: 100 | F24: 96 | G24: 92 | H24: 88 | I24: 84 | J24: 80 | K24: 75 | L24: 70 | M24: 65 | N24: 60 | O24: 55 | P24: 45 | Q24: 35 | R24: 25 | S24: 20 | T24: 18 | U24: 16 | V24: 15 | W24: 14 | X24: 13 | Y24: 12 | Z24: 10
A25: 8 | B25: Act. EXP | D25: {=INDEX(RecipeMappedExp.csv!$B$4:$B$103,$A25,1)} -> 1263 | E25: {=IFERROR(INDEX(RecipeMappedExp.csv!$C$4:$X$103,$A25,1 + E$1),"")} -> 421 | F25: {=IFERROR(INDEX(RecipeMappedExp.csv!$C$4:$X$103,$A25,1 + F$1),"")} -> 404 | G25: {=IFERROR(INDEX(RecipeMappedExp.csv!$C$4:$X$103,$A25,1 + G$1),"")} -> 387 | H25: {=IFERROR(INDEX(RecipeMappedExp.csv!$C$4:$X$103,$A25,1 + H$1),"")} -> 370 | I25: {=IFERROR(INDEX(RecipeMappedExp.csv!$C$4:$X$103,$A25,1 + I$1),"")} -> 353 | J25: {=IFERROR(INDEX(RecipeMappedExp.csv!$C$4:$X$103,$A25,1 + J$1),"")} -> 336 | K25: {=IFERROR(INDEX(RecipeMappedExp.csv!$C$4:$X$103,$A25,1 + K$1),"")} -> 315 | L25: {=IFERROR(INDEX(RecipeMappedExp.csv!$C$4:$X$103,$A25,1 + L$1),"")} -> 294 | ... Z25: {=IFERROR(INDEX(RecipeMappedExp.csv!$C$4:$X$103,$A25,1 + Z$1),"")} -> 42
B26: Exp. EXP | D26: =D25 -> 1263 | E26: {=FLOOR($D25 / 3 * $E$2:$Z$2 / 100,1)} -> 421 | F26: 404 | G26: 387 | H26: 370 | I26: 353 | J26: 336 | K26: 315 | L26: 294 | M26: 273 | N26: 252 | O26: 231 | P26: 189 | Q26: 147 | R26: 105 | S26: 84 | T26: 75 | U26: 67 | V26: 63 | W26: 58 | X26: 54 | Y26: 50 | Z26: 42 | AA26: {=IF($D26:$Z26 = $D25:$Z25,TRUE,FALSE)} -> TRUE | AB26: TRUE | AC26: TRUE | AD26: TRUE | AE26: TRUE | AF26: TRUE | AG26: TRUE | AH26: TRUE | AI26: TRUE | AJ26: TRUE | AK26: TRUE | AL26: TRUE | AM26: TRUE | AN26: TRUE | AO26: TRUE | AP26: TRUE | AQ26: TRUE | AR26: TRUE | AS26: TRUE | AT26: TRUE | AU26: TRUE | AV26: TRUE | AW26: TRUE
B27: Exp. MOD | D27: {=IFERROR(ROUND(D25:Z25 / $E25 * 100,0),"")} -> 300 | E27: 100 | F27: 96 | G27: 92 | H27: 88 | I27: 84 | J27: 80 | K27: 75 | L27: 70 | M27: 65 | N27: 60 | O27: 55 | P27: 45 | Q27: 35 | R27: 25 | S27: 20 | T27: 18 | U27: 16 | V27: 15 | W27: 14 | X27: 13 | Y27: 12 | Z27: 10
A28: 9 | B28: Act. EXP | D28: {=INDEX(RecipeMappedExp.csv!$B$4:$B$103,$A28,1)} -> 1356 | E28: {=IFERROR(INDEX(RecipeMappedExp.csv!$C$4:$X$103,$A28,1 + E$1),"")} -> 452 | F28: {=IFERROR(INDEX(RecipeMappedExp.csv!$C$4:$X$103,$A28,1 + F$1),"")} -> 433 | G28: {=IFERROR(INDEX(RecipeMappedExp.csv!$C$4:$X$103,$A28,1 + G$1),"")} -> 415 | H28: {=IFERROR(INDEX(RecipeMappedExp.csv!$C$4:$X$103,$A28,1 + H$1),"")} -> 397 | I28: {=IFERROR(INDEX(RecipeMappedExp.csv!$C$4:$X$103,$A28,1 + I$1),"")} -> 379 | J28: {=IFERROR(INDEX(RecipeMappedExp.csv!$C$4:$X$103,$A28,1 + J$1),"")} -> 361 | K28: {=IFERROR(INDEX(RecipeMappedExp.csv!$C$4:$X$103,$A28,1 + K$1),"")} -> 339 | L28: {=IFERROR(INDEX(RecipeMappedExp.csv!$C$4:$X$103,$A28,1 + L$1),"")} -> 316 | ... Z28: {=IFERROR(INDEX(RecipeMappedExp.csv!$C$4:$X$103,$A28,1 + Z$1),"")} -> 45
B29: Exp. EXP | D29: =D28 -> 1356 | E29: {=FLOOR($D28 / 3 * $E$2:$Z$2 / 100,1)} -> 452 | F29: 433 | G29: 415 | H29: 397 | I29: 379 | J29: 361 | K29: 339 | L29: 316 | M29: 293 | N29: 271 | O29: 248 | P29: 203 | Q29: 158 | R29: 113 | S29: 90 | T29: 81 | U29: 72 | V29: 67 | W29: 63 | X29: 58 | Y29: 54 | Z29: 45 | AA29: {=IF($D29:$Z29 = $D28:$Z28,TRUE,FALSE)} -> TRUE | AB29: TRUE | AC29: TRUE | AD29: TRUE | AE29: TRUE | AF29: TRUE | AG29: TRUE | AH29: TRUE | AI29: TRUE | AJ29: TRUE | AK29: TRUE | AL29: TRUE | AM29: TRUE | AN29: TRUE | AO29: TRUE | AP29: TRUE | AQ29: TRUE | AR29: TRUE | AS29: TRUE | AT29: TRUE | AU29: TRUE | AV29: TRUE | AW29: TRUE
B30: Exp. MOD | D30: {=IFERROR(ROUND(D28:Z28 / $E28 * 100,0),"")} -> 300 | E30: 100 | F30: 96 | G30: 92 | H30: 88 | I30: 84 | J30: 80 | K30: 75 | L30: 70 | M30: 65 | N30: 60 | O30: 55 | P30: 45 | Q30: 35 | R30: 25 | S30: 20 | T30: 18 | U30: 16 | V30: 15 | W30: 14 | X30: 13 | Y30: 12 | Z30: 10
A31: 10 | B31: Act. EXP | D31: {=INDEX(RecipeMappedExp.csv!$B$4:$B$103,$A31,1)} -> 1437 | E31: {=IFERROR(INDEX(RecipeMappedExp.csv!$C$4:$X$103,$A31,1 + E$1),"")} -> 479 | F31: {=IFERROR(INDEX(RecipeMappedExp.csv!$C$4:$X$103,$A31,1 + F$1),"")} -> 459 | G31: {=IFERROR(INDEX(RecipeMappedExp.csv!$C$4:$X$103,$A31,1 + G$1),"")} -> 440 | H31: {=IFERROR(INDEX(RecipeMappedExp.csv!$C$4:$X$103,$A31,1 + H$1),"")} -> 421 | I31: {=IFERROR(INDEX(RecipeMappedExp.csv!$C$4:$X$103,$A31,1 + I$1),"")} -> 402 | J31: {=IFERROR(INDEX(RecipeMappedExp.csv!$C$4:$X$103,$A31,1 + J$1),"")} -> 383 | K31: {=IFERROR(INDEX(RecipeMappedExp.csv!$C$4:$X$103,$A31,1 + K$1),"")} -> 359 | L31: {=IFERROR(INDEX(RecipeMappedExp.csv!$C$4:$X$103,$A31,1 + L$1),"")} -> 335 | ... Z31: {=IFERROR(INDEX(RecipeMappedExp.csv!$C$4:$X$103,$A31,1 + Z$1),"")} -> 47
B32: Exp. EXP | D32: =D31 -> 1437 | E32: {=FLOOR($D31 / 3 * $E$2:$Z$2 / 100,1)} -> 479 | F32: 459 | G32: 440 | H32: 421 | I32: 402 | J32: 383 | K32: 359 | L32: 335 | M32: 311 | N32: 287 | O32: 263 | P32: 215 | Q32: 167 | R32: 119 | S32: 95 | T32: 86 | U32: 76 | V32: 71 | W32: 67 | X32: 62 | Y32: 57 | Z32: 47 | AA32: {=IF($D32:$Z32 = $D31:$Z31,TRUE,FALSE)} -> TRUE | AB32: TRUE | AC32: TRUE | AD32: TRUE | AE32: TRUE | AF32: TRUE | AG32: TRUE | AH32: TRUE | AI32: TRUE | AJ32: TRUE | AK32: TRUE | AL32: TRUE | AM32: TRUE | AN32: TRUE | AO32: TRUE | AP32: TRUE | AQ32: TRUE | AR32: TRUE | AS32: TRUE | AT32: TRUE | AU32: TRUE | AV32: TRUE | AW32: TRUE
B33: Exp. MOD | D33: {=IFERROR(ROUND(D31:Z31 / $E31 * 100,0),"")} -> 300 | E33: 100 | F33: 96 | G33: 92 | H33: 88 | I33: 84 | J33: 80 | K33: 75 | L33: 70 | M33: 65 | N33: 60 | O33: 55 | P33: 45 | Q33: 35 | R33: 25 | S33: 20 | T33: 18 | U33: 16 | V33: 15 | W33: 14 | X33: 13 | Y33: 12 | Z33: 10
A34: 11 | B34: Act. EXP | D34: {=INDEX(RecipeMappedExp.csv!$B$4:$B$103,$A34,1)} -> 1629 | E34: {=IFERROR(INDEX(RecipeMappedExp.csv!$C$4:$X$103,$A34,1 + E$1),"")} -> 543 | F34: {=IFERROR(INDEX(RecipeMappedExp.csv!$C$4:$X$103,$A34,1 + F$1),"")} -> 521 | G34: {=IFERROR(INDEX(RecipeMappedExp.csv!$C$4:$X$103,$A34,1 + G$1),"")} -> 499 | H34: {=IFERROR(INDEX(RecipeMappedExp.csv!$C$4:$X$103,$A34,1 + H$1),"")} -> 477 | I34: {=IFERROR(INDEX(RecipeMappedExp.csv!$C$4:$X$103,$A34,1 + I$1),"")} -> 456 | J34: {=IFERROR(INDEX(RecipeMappedExp.csv!$C$4:$X$103,$A34,1 + J$1),"")} -> 434 | K34: {=IFERROR(INDEX(RecipeMappedExp.csv!$C$4:$X$103,$A34,1 + K$1),"")} -> 407 | L34: {=IFERROR(INDEX(RecipeMappedExp.csv!$C$4:$X$103,$A34,1 + L$1),"")} -> 380 | ... Z34: {=IFERROR(INDEX(RecipeMappedExp.csv!$C$4:$X$103,$A34,1 + Z$1),"")} -> 54
B35: Exp. EXP | D35: =D34 -> 1629 | E35: {=FLOOR($D34 / 3 * $E$2:$Z$2 / 100,1)} -> 543 | F35: 521 | G35: 499 | H35: 477 | I35: 456 | J35: 434 | K35: 407 | L35: 380 | M35: 352 | N35: 325 | O35: 298 | P35: 244 | Q35: 190 | R35: 135 | S35: 108 | T35: 97 | U35: 86 | V35: 81 | W35: 76 | X35: 70 | Y35: 65 | Z35: 54 | AA35: {=IF($D35:$Z35 = $D34:$Z34,TRUE,FALSE)} -> TRUE | AB35: TRUE | AC35: TRUE | AD35: TRUE | AE35: TRUE | AF35: TRUE | AG35: TRUE | AH35: TRUE | AI35: TRUE | AJ35: TRUE | AK35: TRUE | AL35: TRUE | AM35: TRUE | AN35: TRUE | AO35: TRUE | AP35: TRUE | AQ35: TRUE | AR35: TRUE | AS35: TRUE | AT35: TRUE | AU35: TRUE | AV35: TRUE | AW35: TRUE
B36: Exp. MOD | D36: {=IFERROR(ROUND(D34:Z34 / $E34 * 100,0),"")} -> 300 | E36: 100 | F36: 96 | G36: 92 | H36: 88 | I36: 84 | J36: 80 | K36: 75 | L36: 70 | M36: 65 | N36: 60 | O36: 55 | P36: 45 | Q36: 35 | R36: 25 | S36: 20 | T36: 18 | U36: 16 | V36: 15 | W36: 14 | X36: 13 | Y36: 12 | Z36: 10
A37: 12 | B37: Act. EXP | D37: {=INDEX(RecipeMappedExp.csv!$B$4:$B$103,$A37,1)} -> 1725 | E37: {=IFERROR(INDEX(RecipeMappedExp.csv!$C$4:$X$103,$A37,1 + E$1),"")} -> 575 | F37: {=IFERROR(INDEX(RecipeMappedExp.csv!$C$4:$X$103,$A37,1 + F$1),"")} -> 552 | G37: {=IFERROR(INDEX(RecipeMappedExp.csv!$C$4:$X$103,$A37,1 + G$1),"")} -> 529 | H37: {=IFERROR(INDEX(RecipeMappedExp.csv!$C$4:$X$103,$A37,1 + H$1),"")} -> 506 | I37: {=IFERROR(INDEX(RecipeMappedExp.csv!$C$4:$X$103,$A37,1 + I$1),"")} -> 483 | J37: {=IFERROR(INDEX(RecipeMappedExp.csv!$C$4:$X$103,$A37,1 + J$1),"")} -> 460 | K37: {=IFERROR(INDEX(RecipeMappedExp.csv!$C$4:$X$103,$A37,1 + K$1),"")} -> 431 | L37: {=IFERROR(INDEX(RecipeMappedExp.csv!$C$4:$X$103,$A37,1 + L$1),"")} -> 402 | ... Z37: {=IFERROR(INDEX(RecipeMappedExp.csv!$C$4:$X$103,$A37,1 + Z$1),"")} -> 57
B38: Exp. EXP | D38: =D37 -> 1725 | E38: {=FLOOR($D37 / 3 * $E$2:$Z$2 / 100,1)} -> 575 | F38: 552 | G38: 529 | H38: 506 | I38: 483 | J38: 460 | K38: 431 | L38: 402 | M38: 373 | N38: 345 | O38: 316 | P38: 258 | Q38: 201 | R38: 143 | S38: 115 | T38: 103 | U38: 92 | V38: 86 | W38: 80 | X38: 74 | Y38: 69 | Z38: 57 | AA38: {=IF($D38:$Z38 = $D37:$Z37,TRUE,FALSE)} -> TRUE | AB38: TRUE | AC38: TRUE | AD38: TRUE | AE38: TRUE | AF38: TRUE | AG38: TRUE | AH38: TRUE | AI38: TRUE | AJ38: TRUE | AK38: TRUE | AL38: TRUE | AM38: TRUE | AN38: TRUE | AO38: TRUE | AP38: TRUE | AQ38: TRUE | AR38: TRUE | AS38: TRUE | AT38: TRUE | AU38: TRUE | AV38: TRUE | AW38: TRUE
B39: Exp. MOD | D39: {=IFERROR(ROUND(D37:Z37 / $E37 * 100,0),"")} -> 300 | E39: 100 | F39: 96 | G39: 92 | H39: 88 | I39: 84 | J39: 80 | K39: 75 | L39: 70 | M39: 65 | N39: 60 | O39: 55 | P39: 45 | Q39: 35 | R39: 25 | S39: 20 | T39: 18 | U39: 16 | V39: 15 | W39: 14 | X39: 13 | Y39: 12 | Z39: 10
A40: 13 | B40: Act. EXP | D40: {=INDEX(RecipeMappedExp.csv!$B$4:$B$103,$A40,1)} -> 1875 | E40: {=IFERROR(INDEX(RecipeMappedExp.csv!$C$4:$X$103,$A40,1 + E$1),"")} -> 625 | F40: {=IFERROR(INDEX(RecipeMappedExp.csv!$C$4:$X$103,$A40,1 + F$1),"")} -> 600 | G40: {=IFERROR(INDEX(RecipeMappedExp.csv!$C$4:$X$103,$A40,1 + G$1),"")} -> 575 | H40: {=IFERROR(INDEX(RecipeMappedExp.csv!$C$4:$X$103,$A40,1 + H$1),"")} -> 550 | I40: {=IFERROR(INDEX(RecipeMappedExp.csv!$C$4:$X$103,$A40,1 + I$1),"")} -> 525 | J40: {=IFERROR(INDEX(RecipeMappedExp.csv!$C$4:$X$103,$A40,1 + J$1),"")} -> 500 | K40: {=IFERROR(INDEX(RecipeMappedExp.csv!$C$4:$X$103,$A40,1 + K$1),"")} -> 468 | L40: {=IFERROR(INDEX(RecipeMappedExp.csv!$C$4:$X$103,$A40,1 + L$1),"")} -> 437 | ... Z40: {=IFERROR(INDEX(RecipeMappedExp.csv!$C$4:$X$103,$A40,1 + Z$1),"")} -> 62
B41: Exp. EXP | D41: =D40 -> 1875 | E41: {=FLOOR($D40 / 3 * $E$2:$Z$2 / 100,1)} -> 625 | F41: 600 | G41: 575 | H41: 550 | I41: 525 | J41: 500 | K41: 468 | L41: 437 | M41: 406 | N41: 375 | O41: 343 | P41: 281 | Q41: 218 | R41: 156 | S41: 125 | T41: 112 | U41: 100 | V41: 93 | W41: 87 | X41: 81 | Y41: 75 | Z41: 62 | AA41: {=IF($D41:$Z41 = $D40:$Z40,TRUE,FALSE)} -> TRUE | AB41: TRUE | AC41: TRUE | AD41: TRUE | AE41: TRUE | AF41: TRUE | AG41: TRUE | AH41: TRUE | AI41: TRUE | AJ41: TRUE | AK41: TRUE | AL41: TRUE | AM41: TRUE | AN41: TRUE | AO41: TRUE | AP41: TRUE | AQ41: TRUE | AR41: TRUE | AS41: TRUE | AT41: TRUE | AU41: TRUE | AV41: TRUE | AW41: TRUE
B42: Exp. MOD | D42: {=IFERROR(ROUND(D40:Z40 / $E40 * 100,0),"")} -> 300 | E42: 100 | F42: 96 | G42: 92 | H42: 88 | I42: 84 | J42: 80 | K42: 75 | L42: 70 | M42: 65 | N42: 60 | O42: 55 | P42: 45 | Q42: 35 | R42: 25 | S42: 20 | T42: 18 | U42: 16 | V42: 15 | W42: 14 | X42: 13 | Y42: 12 | Z42: 10
A43: 14 | B43: Act. EXP | D43: {=INDEX(RecipeMappedExp.csv!$B$4:$B$103,$A43,1)} -> 1917 | E43: {=IFERROR(INDEX(RecipeMappedExp.csv!$C$4:$X$103,$A43,1 + E$1),"")} -> 639 | F43: {=IFERROR(INDEX(RecipeMappedExp.csv!$C$4:$X$103,$A43,1 + F$1),"")} -> 613 | G43: {=IFERROR(INDEX(RecipeMappedExp.csv!$C$4:$X$103,$A43,1 + G$1),"")} -> 587 | H43: {=IFERROR(INDEX(RecipeMappedExp.csv!$C$4:$X$103,$A43,1 + H$1),"")} -> 562 | I43: {=IFERROR(INDEX(RecipeMappedExp.csv!$C$4:$X$103,$A43,1 + I$1),"")} -> 536 | J43: {=IFERROR(INDEX(RecipeMappedExp.csv!$C$4:$X$103,$A43,1 + J$1),"")} -> 511 | K43: {=IFERROR(INDEX(RecipeMappedExp.csv!$C$4:$X$103,$A43,1 + K$1),"")} -> 479 | L43: {=IFERROR(INDEX(RecipeMappedExp.csv!$C$4:$X$103,$A43,1 + L$1),"")} -> 447 | ... Z43: {=IFERROR(INDEX(RecipeMappedExp.csv!$C$4:$X$103,$A43,1 + Z$1),"")} -> 63
B44: Exp. EXP | D44: =D43 -> 1917 | E44: {=FLOOR($D43 / 3 * $E$2:$Z$2 / 100,1)} -> 639 | F44: 613 | G44: 587 | H44: 562 | I44: 536 | J44: 511 | K44: 479 | L44: 447 | M44: 415 | N44: 383 | O44: 351 | P44: 287 | Q44: 223 | R44: 159 | S44: 127 | T44: 115 | U44: 102 | V44: 95 | W44: 89 | X44: 83 | Y44: 76 | Z44: 63 | AA44: {=IF($D44:$Z44 = $D43:$Z43,TRUE,FALSE)} -> TRUE | AB44: TRUE | AC44: TRUE | AD44: TRUE | AE44: TRUE | AF44: TRUE | AG44: TRUE | AH44: TRUE | AI44: TRUE | AJ44: TRUE | AK44: TRUE | AL44: TRUE | AM44: TRUE | AN44: TRUE | AO44: TRUE | AP44: TRUE | AQ44: TRUE | AR44: TRUE | AS44: TRUE | AT44: TRUE | AU44: TRUE | AV44: TRUE | AW44: TRUE
B45: Exp. MOD | D45: {=IFERROR(ROUND(D43:Z43 / $E43 * 100,0),"")} -> 300 | E45: 100 | F45: 96 | G45: 92 | H45: 88 | I45: 84 | J45: 80 | K45: 75 | L45: 70 | M45: 65 | N45: 60 | O45: 55 | P45: 45 | Q45: 35 | R45: 25 | S45: 20 | T45: 18 | U45: 16 | V45: 15 | W45: 14 | X45: 13 | Y45: 12 | Z45: 10
A46: 15 | B46: Act. EXP | D46: {=INDEX(RecipeMappedExp.csv!$B$4:$B$103,$A46,1)} -> 2067 | E46: {=IFERROR(INDEX(RecipeMappedExp.csv!$C$4:$X$103,$A46,1 + E$1),"")} -> 689 | F46: {=IFERROR(INDEX(RecipeMappedExp.csv!$C$4:$X$103,$A46,1 + F$1),"")} -> 661 | G46: {=IFERROR(INDEX(RecipeMappedExp.csv!$C$4:$X$103,$A46,1 + G$1),"")} -> 633 | H46: {=IFERROR(INDEX(RecipeMappedExp.csv!$C$4:$X$103,$A46,1 + H$1),"")} -> 606 | I46: {=IFERROR(INDEX(RecipeMappedExp.csv!$C$4:$X$103,$A46,1 + I$1),"")} -> 578 | J46: {=IFERROR(INDEX(RecipeMappedExp.csv!$C$4:$X$103,$A46,1 + J$1),"")} -> 551 | K46: {=IFERROR(INDEX(RecipeMappedExp.csv!$C$4:$X$103,$A46,1 + K$1),"")} -> 516 | L46: {=IFERROR(INDEX(RecipeMappedExp.csv!$C$4:$X$103,$A46,1 + L$1),"")} -> 482 | ... Z46: {=IFERROR(INDEX(RecipeMappedExp.csv!$C$4:$X$103,$A46,1 + Z$1),"")} -> 68
B47: Exp. EXP | D47: =D46 -> 2067 | E47: {=FLOOR($D46 / 3 * $E$2:$Z$2 / 100,1)} -> 689 | F47: 661 | G47: 633 | H47: 606 | I47: 578 | J47: 551 | K47: 516 | L47: 482 | M47: 447 | N47: 413 | O47: 378 | P47: 310 | Q47: 241 | R47: 172 | S47: 137 | T47: 124 | U47: 110 | V47: 103 | W47: 96 | X47: 89 | Y47: 82 | Z47: 68 | AA47: {=IF($D47:$Z47 = $D46:$Z46,TRUE,FALSE)} -> TRUE | AB47: TRUE | AC47: TRUE | AD47: TRUE | AE47: TRUE | AF47: TRUE | AG47: TRUE | AH47: TRUE | AI47: TRUE | AJ47: TRUE | AK47: TRUE | AL47: TRUE | AM47: TRUE | AN47: TRUE | AO47: TRUE | AP47: TRUE | AQ47: TRUE | AR47: TRUE | AS47: TRUE | AT47: TRUE | AU47: TRUE | AV47: TRUE | AW47: TRUE
B48: Exp. MOD | D48: {=IFERROR(ROUND(D46:Z46 / $E46 * 100,0),"")} -> 300 | E48: 100 | F48: 96 | G48: 92 | H48: 88 | I48: 84 | J48: 80 | K48: 75 | L48: 70 | M48: 65 | N48: 60 | O48: 55 | P48: 45 | Q48: 35 | R48: 25 | S48: 20 | T48: 18 | U48: 16 | V48: 15 | W48: 14 | X48: 13 | Y48: 12 | Z48: 10
A49: 16 | B49: Act. EXP | D49: {=INDEX(RecipeMappedExp.csv!$B$4:$B$103,$A49,1)} -> 2241 | E49: {=IFERROR(INDEX(RecipeMappedExp.csv!$C$4:$X$103,$A49,1 + E$1),"")} -> 747 | F49: {=IFERROR(INDEX(RecipeMappedExp.csv!$C$4:$X$103,$A49,1 + F$1),"")} -> 717 | G49: {=IFERROR(INDEX(RecipeMappedExp.csv!$C$4:$X$103,$A49,1 + G$1),"")} -> 687 | H49: {=IFERROR(INDEX(RecipeMappedExp.csv!$C$4:$X$103,$A49,1 + H$1),"")} -> 657 | I49: {=IFERROR(INDEX(RecipeMappedExp.csv!$C$4:$X$103,$A49,1 + I$1),"")} -> 627 | J49: {=IFERROR(INDEX(RecipeMappedExp.csv!$C$4:$X$103,$A49,1 + J$1),"")} -> 597 | K49: {=IFERROR(INDEX(RecipeMappedExp.csv!$C$4:$X$103,$A49,1 + K$1),"")} -> 560 | L49: {=IFERROR(INDEX(RecipeMappedExp.csv!$C$4:$X$103,$A49,1 + L$1),"")} -> 522 | ... Z49: {=IFERROR(INDEX(RecipeMappedExp.csv!$C$4:$X$103,$A49,1 + Z$1),"")} -> 74
B50: Exp. EXP | D50: =D49 -> 2241 | E50: {=FLOOR($D49 / 3 * $E$2:$Z$2 / 100,1)} -> 747 | F50: 717 | G50: 687 | H50: 657 | I50: 627 | J50: 597 | K50: 560 | L50: 522 | M50: 485 | N50: 448 | O50: 410 | P50: 336 | Q50: 261 | R50: 186 | S50: 149 | T50: 134 | U50: 119 | V50: 112 | W50: 104 | X50: 97 | Y50: 89 | Z50: 74 | AA50: {=IF($D50:$Z50 = $D49:$Z49,TRUE,FALSE)} -> TRUE | AB50: TRUE | AC50: TRUE | AD50: TRUE | AE50: TRUE | AF50: TRUE | AG50: TRUE | AH50: TRUE | AI50: TRUE | AJ50: TRUE | AK50: TRUE | AL50: TRUE | AM50: TRUE | AN50: TRUE | AO50: TRUE | AP50: TRUE | AQ50: TRUE | AR50: TRUE | AS50: TRUE | AT50: TRUE | AU50: TRUE | AV50: TRUE | AW50: TRUE
B51: Exp. MOD | D51: {=IFERROR(ROUND(D49:Z49 / $E49 * 100,0),"")} -> 300 | E51: 100 | F51: 96 | G51: 92 | H51: 88 | I51: 84 | J51: 80 | K51: 75 | L51: 70 | M51: 65 | N51: 60 | O51: 55 | P51: 45 | Q51: 35 | R51: 25 | S51: 20 | T51: 18 | U51: 16 | V51: 15 | W51: 14 | X51: 13 | Y51: 12 | Z51: 10
A52: 17 | B52: Act. EXP | D52: {=INDEX(RecipeMappedExp.csv!$B$4:$B$103,$A52,1)} -> 2409 | E52: {=IFERROR(INDEX(RecipeMappedExp.csv!$C$4:$X$103,$A52,1 + E$1),"")} -> 803 | F52: {=IFERROR(INDEX(RecipeMappedExp.csv!$C$4:$X$103,$A52,1 + F$1),"")} -> 770 | G52: {=IFERROR(INDEX(RecipeMappedExp.csv!$C$4:$X$103,$A52,1 + G$1),"")} -> 738 | H52: {=IFERROR(INDEX(RecipeMappedExp.csv!$C$4:$X$103,$A52,1 + H$1),"")} -> 706 | I52: {=IFERROR(INDEX(RecipeMappedExp.csv!$C$4:$X$103,$A52,1 + I$1),"")} -> 674 | J52: {=IFERROR(INDEX(RecipeMappedExp.csv!$C$4:$X$103,$A52,1 + J$1),"")} -> 642 | K52: {=IFERROR(INDEX(RecipeMappedExp.csv!$C$4:$X$103,$A52,1 + K$1),"")} -> 602 | L52: {=IFERROR(INDEX(RecipeMappedExp.csv!$C$4:$X$103,$A52,1 + L$1),"")} -> 562 | ... Z52: {=IFERROR(INDEX(RecipeMappedExp.csv!$C$4:$X$103,$A52,1 + Z$1),"")} -> 80
B53: Exp. EXP | D53: =D52 -> 2409 | E53: {=FLOOR($D52 / 3 * $E$2:$Z$2 / 100,1)} -> 803 | F53: 770 | G53: 738 | H53: 706 | I53: 674 | J53: 642 | K53: 602 | L53: 562 | M53: 521 | N53: 481 | O53: 441 | P53: 361 | Q53: 281 | R53: 200 | S53: 160 | T53: 144 | U53: 128 | V53: 120 | W53: 112 | X53: 104 | Y53: 96 | Z53: 80 | AA53: {=IF($D53:$Z53 = $D52:$Z52,TRUE,FALSE)} -> TRUE | AB53: TRUE | AC53: TRUE | AD53: TRUE | AE53: TRUE | AF53: TRUE | AG53: TRUE | AH53: TRUE | AI53: TRUE | AJ53: TRUE | AK53: TRUE | AL53: TRUE | AM53: TRUE | AN53: TRUE | AO53: TRUE | AP53: TRUE | AQ53: TRUE | AR53: TRUE | AS53: TRUE | AT53: TRUE | AU53: TRUE | AV53: TRUE | AW53: TRUE
B54: Exp. MOD | D54: {=IFERROR(ROUND(D52:Z52 / $E52 * 100,0),"")} -> 300 | E54: 100 | F54: 96 | G54: 92 | H54: 88 | I54: 84 | J54: 80 | K54: 75 | L54: 70 | M54: 65 | N54: 60 | O54: 55 | P54: 45 | Q54: 35 | R54: 25 | S54: 20 | T54: 18 | U54: 16 | V54: 15 | W54: 14 | X54: 13 | Y54: 12 | Z54: 10
A55: 18 | B55: Act. EXP | D55: {=INDEX(RecipeMappedExp.csv!$B$4:$B$103,$A55,1)} -> 2556 | E55: {=IFERROR(INDEX(RecipeMappedExp.csv!$C$4:$X$103,$A55,1 + E$1),"")} -> 852 | F55: {=IFERROR(INDEX(RecipeMappedExp.csv!$C$4:$X$103,$A55,1 + F$1),"")} -> 817 | G55: {=IFERROR(INDEX(RecipeMappedExp.csv!$C$4:$X$103,$A55,1 + G$1),"")} -> 783 | H55: {=IFERROR(INDEX(RecipeMappedExp.csv!$C$4:$X$103,$A55,1 + H$1),"")} -> 749 | I55: {=IFERROR(INDEX(RecipeMappedExp.csv!$C$4:$X$103,$A55,1 + I$1),"")} -> 715 | J55: {=IFERROR(INDEX(RecipeMappedExp.csv!$C$4:$X$103,$A55,1 + J$1),"")} -> 681 | K55: {=IFERROR(INDEX(RecipeMappedExp.csv!$C$4:$X$103,$A55,1 + K$1),"")} -> 639 | L55: {=IFERROR(INDEX(RecipeMappedExp.csv!$C$4:$X$103,$A55,1 + L$1),"")} -> 596 | ... Z55: {=IFERROR(INDEX(RecipeMappedExp.csv!$C$4:$X$103,$A55,1 + Z$1),"")} -> 85
B56: Exp. EXP | D56: =D55 -> 2556 | E56: {=FLOOR($D55 / 3 * $E$2:$Z$2 / 100,1)} -> 852 | F56: 817 | G56: 783 | H56: 749 | I56: 715 | J56: 681 | K56: 639 | L56: 596 | M56: 553 | N56: 511 | O56: 468 | P56: 383 | Q56: 298 | R56: 213 | S56: 170 | T56: 153 | U56: 136 | V56: 127 | W56: 119 | X56: 110 | Y56: 102 | Z56: 85 | AA56: {=IF($D56:$Z56 = $D55:$Z55,TRUE,FALSE)} -> TRUE | AB56: TRUE | AC56: TRUE | AD56: TRUE | AE56: TRUE | AF56: TRUE | AG56: TRUE | AH56: TRUE | AI56: TRUE | AJ56: TRUE | AK56: TRUE | AL56: TRUE | AM56: TRUE | AN56: TRUE | AO56: TRUE | AP56: TRUE | AQ56: TRUE | AR56: TRUE | AS56: TRUE | AT56: TRUE | AU56: TRUE | AV56: TRUE | AW56: TRUE
B57: Exp. MOD | D57: {=IFERROR(ROUND(D55:Z55 / $E55 * 100,0),"")} -> 300 | E57: 100 | F57: 96 | G57: 92 | H57: 88 | I57: 84 | J57: 80 | K57: 75 | L57: 70 | M57: 65 | N57: 60 | O57: 55 | P57: 45 | Q57: 35 | R57: 25 | S57: 20 | T57: 18 | U57: 16 | V57: 15 | W57: 14 | X57: 13 | Y57: 12 | Z57: 10
A58: 19 | B58: Act. EXP | D58: {=INDEX(RecipeMappedExp.csv!$B$4:$B$103,$A58,1)} -> 2700 | E58: {=IFERROR(INDEX(RecipeMappedExp.csv!$C$4:$X$103,$A58,1 + E$1),"")} -> 900 | F58: {=IFERROR(INDEX(RecipeMappedExp.csv!$C$4:$X$103,$A58,1 + F$1),"")} -> 864 | G58: {=IFERROR(INDEX(RecipeMappedExp.csv!$C$4:$X$103,$A58,1 + G$1),"")} -> 828 | H58: {=IFERROR(INDEX(RecipeMappedExp.csv!$C$4:$X$103,$A58,1 + H$1),"")} -> 792 | I58: {=IFERROR(INDEX(RecipeMappedExp.csv!$C$4:$X$103,$A58,1 + I$1),"")} -> 756 | J58: {=IFERROR(INDEX(RecipeMappedExp.csv!$C$4:$X$103,$A58,1 + J$1),"")} -> 720 | K58: {=IFERROR(INDEX(RecipeMappedExp.csv!$C$4:$X$103,$A58,1 + K$1),"")} -> 675 | L58: {=IFERROR(INDEX(RecipeMappedExp.csv!$C$4:$X$103,$A58,1 + L$1),"")} -> 630 | ... Z58: {=IFERROR(INDEX(RecipeMappedExp.csv!$C$4:$X$103,$A58,1 + Z$1),"")} -> 90
B59: Exp. EXP | D59: =D58 -> 2700 | E59: {=FLOOR($D58 / 3 * $E$2:$Z$2 / 100,1)} -> 900 | F59: 864 | G59: 828 | H59: 792 | I59: 756 | J59: 720 | K59: 675 | L59: 630 | M59: 585 | N59: 540 | O59: 495 | P59: 405 | Q59: 315 | R59: 225 | S59: 180 | T59: 162 | U59: 144 | V59: 135 | W59: 126 | X59: 117 | Y59: 108 | Z59: 90 | AA59: {=IF($D59:$Z59 = $D58:$Z58,TRUE,FALSE)} -> TRUE | AB59: TRUE | AC59: TRUE | AD59: TRUE | AE59: TRUE | AF59: TRUE | AG59: TRUE | AH59: TRUE | AI59: TRUE | AJ59: TRUE | AK59: TRUE | AL59: TRUE | AM59: TRUE | AN59: TRUE | AO59: TRUE | AP59: TRUE | AQ59: TRUE | AR59: TRUE | AS59: TRUE | AT59: TRUE | AU59: TRUE | AV59: TRUE | AW59: TRUE
B60: Exp. MOD | D60: {=IFERROR(ROUND(D58:Z58 / $E58 * 100,0),"")} -> 300 | E60: 100 | F60: 96 | G60: 92 | H60: 88 | I60: 84 | J60: 80 | K60: 75 | L60: 70 | M60: 65 | N60: 60 | O60: 55 | P60: 45 | Q60: 35 | R60: 25 | S60: 20 | T60: 18 | U60: 16 | V60: 15 | W60: 14 | X60: 13 | Y60: 12 | Z60: 10
A61: 20 | B61: Act. EXP | D61: {=INDEX(RecipeMappedExp.csv!$B$4:$B$103,$A61,1)} -> 2841 | E61: {=IFERROR(INDEX(RecipeMappedExp.csv!$C$4:$X$103,$A61,1 + E$1),"")} -> 947 | F61: {=IFERROR(INDEX(RecipeMappedExp.csv!$C$4:$X$103,$A61,1 + F$1),"")} -> 909 | G61: {=IFERROR(INDEX(RecipeMappedExp.csv!$C$4:$X$103,$A61,1 + G$1),"")} -> 871 | H61: {=IFERROR(INDEX(RecipeMappedExp.csv!$C$4:$X$103,$A61,1 + H$1),"")} -> 833 | I61: {=IFERROR(INDEX(RecipeMappedExp.csv!$C$4:$X$103,$A61,1 + I$1),"")} -> 795 | J61: {=IFERROR(INDEX(RecipeMappedExp.csv!$C$4:$X$103,$A61,1 + J$1),"")} -> 757 | K61: {=IFERROR(INDEX(RecipeMappedExp.csv!$C$4:$X$103,$A61,1 + K$1),"")} -> 710 | L61: {=IFERROR(INDEX(RecipeMappedExp.csv!$C$4:$X$103,$A61,1 + L$1),"")} -> 662 | ... Z61: {=IFERROR(INDEX(RecipeMappedExp.csv!$C$4:$X$103,$A61,1 + Z$1),"")} -> 94
B62: Exp. EXP | D62: =D61 -> 2841 | E62: {=FLOOR($D61 / 3 * $E$2:$Z$2 / 100,1)} -> 947 | F62: 909 | G62: 871 | H62: 833 | I62: 795 | J62: 757 | K62: 710 | L62: 662 | M62: 615 | N62: 568 | O62: 520 | P62: 426 | Q62: 331 | R62: 236 | S62: 189 | T62: 170 | U62: 151 | V62: 142 | W62: 132 | X62: 123 | Y62: 113 | Z62: 94 | AA62: {=IF($D62:$Z62 = $D61:$Z61,TRUE,FALSE)} -> TRUE | AB62: TRUE | AC62: TRUE | AD62: TRUE | AE62: TRUE | AF62: TRUE | AG62: TRUE | AH62: TRUE | AI62: TRUE | AJ62: TRUE | AK62: TRUE | AL62: TRUE | AM62: TRUE | AN62: TRUE | AO62: TRUE | AP62: TRUE | AQ62: TRUE | AR62: TRUE | AS62: TRUE | AT62: TRUE | AU62: TRUE | AV62: TRUE | AW62: TRUE
B63: Exp. MOD | D63: {=IFERROR(ROUND(D61:Z61 / $E61 * 100,0),"")} -> 300 | E63: 100 | F63: 96 | G63: 92 | H63: 88 | I63: 84 | J63: 80 | K63: 75 | L63: 70 | M63: 65 | N63: 60 | O63: 55 | P63: 45 | Q63: 35 | R63: 25 | S63: 20 | T63: 18 | U63: 16 | V63: 15 | W63: 14 | X63: 13 | Y63: 12 | Z63: 10
A64: 21 | B64: Act. EXP | D64: {=INDEX(RecipeMappedExp.csv!$B$4:$B$103,$A64,1)} -> 3045 | E64: {=IFERROR(INDEX(RecipeMappedExp.csv!$C$4:$X$103,$A64,1 + E$1),"")} -> 1015 | F64: {=IFERROR(INDEX(RecipeMappedExp.csv!$C$4:$X$103,$A64,1 + F$1),"")} -> 974 | G64: {=IFERROR(INDEX(RecipeMappedExp.csv!$C$4:$X$103,$A64,1 + G$1),"")} -> 933 | H64: {=IFERROR(INDEX(RecipeMappedExp.csv!$C$4:$X$103,$A64,1 + H$1),"")} -> 893 | I64: {=IFERROR(INDEX(RecipeMappedExp.csv!$C$4:$X$103,$A64,1 + I$1),"")} -> 852 | J64: {=IFERROR(INDEX(RecipeMappedExp.csv!$C$4:$X$103,$A64,1 + J$1),"")} -> 812 | K64: {=IFERROR(INDEX(RecipeMappedExp.csv!$C$4:$X$103,$A64,1 + K$1),"")} -> 761 | L64: {=IFERROR(INDEX(RecipeMappedExp.csv!$C$4:$X$103,$A64,1 + L$1),"")} -> 710 | ... Z64: {=IFERROR(INDEX(RecipeMappedExp.csv!$C$4:$X$103,$A64,1 + Z$1),"")} -> 101
B65: Exp. EXP | D65: =D64 -> 3045 | E65: {=FLOOR($D64 / 3 * $E$2:$Z$2 / 100,1)} -> 1015 | F65: 974 | G65: 933 | H65: 893 | I65: 852 | J65: 812 | K65: 761 | L65: 710 | M65: 659 | N65: 609 | O65: 558 | P65: 456 | Q65: 355 | R65: 253 | S65: 203 | T65: 182 | U65: 162 | V65: 152 | W65: 142 | X65: 131 | Y65: 121 | Z65: 101 | AA65: {=IF($D65:$Z65 = $D64:$Z64,TRUE,FALSE)} -> TRUE | AB65: TRUE | AC65: TRUE | AD65: TRUE | AE65: TRUE | AF65: TRUE | AG65: TRUE | AH65: TRUE | AI65: TRUE | AJ65: TRUE | AK65: TRUE | AL65: TRUE | AM65: TRUE | AN65: TRUE | AO65: TRUE | AP65: TRUE | AQ65: TRUE | AR65: TRUE | AS65: TRUE | AT65: TRUE | AU65: TRUE | AV65: TRUE | AW65: TRUE
B66: Exp. MOD | D66: {=IFERROR(ROUND(D64:Z64 / $E64 * 100,0),"")} -> 300 | E66: 100 | F66: 96 | G66: 92 | H66: 88 | I66: 84 | J66: 80 | K66: 75 | L66: 70 | M66: 65 | N66: 60 | O66: 55 | P66: 45 | Q66: 35 | R66: 25 | S66: 20 | T66: 18 | U66: 16 | V66: 15 | W66: 14 | X66: 13 | Y66: 12 | Z66: 10
A67: 22 | B67: Act. EXP | D67: {=INDEX(RecipeMappedExp.csv!$B$4:$B$103,$A67,1)} -> 3240 | E67: {=IFERROR(INDEX(RecipeMappedExp.csv!$C$4:$X$103,$A67,1 + E$1),"")} -> 1080 | F67: {=IFERROR(INDEX(RecipeMappedExp.csv!$C$4:$X$103,$A67,1 + F$1),"")} -> 1036 | G67: {=IFERROR(INDEX(RecipeMappedExp.csv!$C$4:$X$103,$A67,1 + G$1),"")} -> 993 | H67: {=IFERROR(INDEX(RecipeMappedExp.csv!$C$4:$X$103,$A67,1 + H$1),"")} -> 950 | I67: {=IFERROR(INDEX(RecipeMappedExp.csv!$C$4:$X$103,$A67,1 + I$1),"")} -> 907 | J67: {=IFERROR(INDEX(RecipeMappedExp.csv!$C$4:$X$103,$A67,1 + J$1),"")} -> 864 | K67: {=IFERROR(INDEX(RecipeMappedExp.csv!$C$4:$X$103,$A67,1 + K$1),"")} -> 810 | L67: {=IFERROR(INDEX(RecipeMappedExp.csv!$C$4:$X$103,$A67,1 + L$1),"")} -> 756 | ... Z67: {=IFERROR(INDEX(RecipeMappedExp.csv!$C$4:$X$103,$A67,1 + Z$1),"")} -> 108
B68: Exp. EXP | D68: =D67 -> 3240 | E68: {=FLOOR($D67 / 3 * $E$2:$Z$2 / 100,1)} -> 1080 | F68: 1036 | G68: 993 | H68: 950 | I68: 907 | J68: 864 | K68: 810 | L68: 756 | M68: 702 | N68: 648 | O68: 594 | P68: 486 | Q68: 378 | R68: 270 | S68: 216 | T68: 194 | U68: 172 | V68: 162 | W68: 151 | X68: 140 | Y68: 129 | Z68: 108 | AA68: {=IF($D68:$Z68 = $D67:$Z67,TRUE,FALSE)} -> TRUE | AB68: TRUE | AC68: TRUE | AD68: TRUE | AE68: TRUE | AF68: TRUE | AG68: TRUE | AH68: TRUE | AI68: TRUE | AJ68: TRUE | AK68: TRUE | AL68: TRUE | AM68: TRUE | AN68: TRUE | AO68: TRUE | AP68: TRUE | AQ68: TRUE | AR68: TRUE | AS68: TRUE | AT68: TRUE | AU68: TRUE | AV68: TRUE | AW68: TRUE
B69: Exp. MOD | D69: {=IFERROR(ROUND(D67:Z67 / $E67 * 100,0),"")} -> 300 | E69: 100 | F69: 96 | G69: 92 | H69: 88 | I69: 84 | J69: 80 | K69: 75 | L69: 70 | M69: 65 | N69: 60 | O69: 55 | P69: 45 | Q69: 35 | R69: 25 | S69: 20 | T69: 18 | U69: 16 | V69: 15 | W69: 14 | X69: 13 | Y69: 12 | Z69: 10
A70: 23 | B70: Act. EXP | D70: {=INDEX(RecipeMappedExp.csv!$B$4:$B$103,$A70,1)} -> 3429 | E70: {=IFERROR(INDEX(RecipeMappedExp.csv!$C$4:$X$103,$A70,1 + E$1),"")} -> 1143 | F70: {=IFERROR(INDEX(RecipeMappedExp.csv!$C$4:$X$103,$A70,1 + F$1),"")} -> 1097 | G70: {=IFERROR(INDEX(RecipeMappedExp.csv!$C$4:$X$103,$A70,1 + G$1),"")} -> 1051 | H70: {=IFERROR(INDEX(RecipeMappedExp.csv!$C$4:$X$103,$A70,1 + H$1),"")} -> 1005 | I70: {=IFERROR(INDEX(RecipeMappedExp.csv!$C$4:$X$103,$A70,1 + I$1),"")} -> 960 | J70: {=IFERROR(INDEX(RecipeMappedExp.csv!$C$4:$X$103,$A70,1 + J$1),"")} -> 914 | K70: {=IFERROR(INDEX(RecipeMappedExp.csv!$C$4:$X$103,$A70,1 + K$1),"")} -> 857 | L70: {=IFERROR(INDEX(RecipeMappedExp.csv!$C$4:$X$103,$A70,1 + L$1),"")} -> 800 | ... Z70: {=IFERROR(INDEX(RecipeMappedExp.csv!$C$4:$X$103,$A70,1 + Z$1),"")} -> 114
B71: Exp. EXP | D71: =D70 -> 3429 | E71: {=FLOOR($D70 / 3 * $E$2:$Z$2 / 100,1)} -> 1143 | F71: 1097 | G71: 1051 | H71: 1005 | I71: 960 | J71: 914 | K71: 857 | L71: 800 | M71: 742 | N71: 685 | O71: 628 | P71: 514 | Q71: 400 | R71: 285 | S71: 228 | T71: 205 | U71: 182 | V71: 171 | W71: 160 | X71: 148 | Y71: 137 | Z71: 114 | AA71: {=IF($D71:$Z71 = $D70:$Z70,TRUE,FALSE)} -> TRUE | AB71: TRUE | AC71: TRUE | AD71: TRUE | AE71: TRUE | AF71: TRUE | AG71: TRUE | AH71: TRUE | AI71: TRUE | AJ71: TRUE | AK71: TRUE | AL71: TRUE | AM71: TRUE | AN71: TRUE | AO71: TRUE | AP71: TRUE | AQ71: TRUE | AR71: TRUE | AS71: TRUE | AT71: TRUE | AU71: TRUE | AV71: TRUE | AW71: TRUE
B72: Exp. MOD | D72: {=IFERROR(ROUND(D70:Z70 / $E70 * 100,0),"")} -> 300 | E72: 100 | F72: 96 | G72: 92 | H72: 88 | I72: 84 | J72: 80 | K72: 75 | L72: 70 | M72: 65 | N72: 60 | O72: 55 | P72: 45 | Q72: 35 | R72: 25 | S72: 20 | T72: 18 | U72: 16 | V72: 15 | W72: 14 | X72: 13 | Y72: 12 | Z72: 10
A73: 24 | B73: Act. EXP | D73: {=INDEX(RecipeMappedExp.csv!$B$4:$B$103,$A73,1)} -> 3612 | E73: {=IFERROR(INDEX(RecipeMappedExp.csv!$C$4:$X$103,$A73,1 + E$1),"")} -> 1204 | F73: {=IFERROR(INDEX(RecipeMappedExp.csv!$C$4:$X$103,$A73,1 + F$1),"")} -> 1155 | G73: {=IFERROR(INDEX(RecipeMappedExp.csv!$C$4:$X$103,$A73,1 + G$1),"")} -> 1107 | H73: {=IFERROR(INDEX(RecipeMappedExp.csv!$C$4:$X$103,$A73,1 + H$1),"")} -> 1059 | I73: {=IFERROR(INDEX(RecipeMappedExp.csv!$C$4:$X$103,$A73,1 + I$1),"")} -> 1011 | J73: {=IFERROR(INDEX(RecipeMappedExp.csv!$C$4:$X$103,$A73,1 + J$1),"")} -> 963 | K73: {=IFERROR(INDEX(RecipeMappedExp.csv!$C$4:$X$103,$A73,1 + K$1),"")} -> 903 | L73: {=IFERROR(INDEX(RecipeMappedExp.csv!$C$4:$X$103,$A73,1 + L$1),"")} -> 842 | ... Z73: {=IFERROR(INDEX(RecipeMappedExp.csv!$C$4:$X$103,$A73,1 + Z$1),"")} -> 120
B74: Exp. EXP | D74: =D73 -> 3612 | E74: {=FLOOR($D73 / 3 * $E$2:$Z$2 / 100,1)} -> 1204 | F74: 1155 | G74: 1107 | H74: 1059 | I74: 1011 | J74: 963 | K74: 903 | L74: 842 | M74: 782 | N74: 722 | O74: 662 | P74: 541 | Q74: 421 | R74: 301 | S74: 240 | T74: 216 | U74: 192 | V74: 180 | W74: 168 | X74: 156 | Y74: 144 | Z74: 120 | AA74: {=IF($D74:$Z74 = $D73:$Z73,TRUE,FALSE)} -> TRUE | AB74: TRUE | AC74: TRUE | AD74: TRUE | AE74: TRUE | AF74: TRUE | AG74: TRUE | AH74: TRUE | AI74: TRUE | AJ74: TRUE | AK74: TRUE | AL74: TRUE | AM74: TRUE | AN74: TRUE | AO74: TRUE | AP74: TRUE | AQ74: TRUE | AR74: TRUE | AS74: TRUE | AT74: TRUE | AU74: TRUE | AV74: TRUE | AW74: TRUE
B75: Exp. MOD | D75: {=IFERROR(ROUND(D73:Z73 / $E73 * 100,0),"")} -> 300 | E75: 100 | F75: 96 | G75: 92 | H75: 88 | I75: 84 | J75: 80 | K75: 75 | L75: 70 | M75: 65 | N75: 60 | O75: 55 | P75: 45 | Q75: 35 | R75: 25 | S75: 20 | T75: 18 | U75: 16 | V75: 15 | W75: 14 | X75: 13 | Y75: 12 | Z75: 10
A76: 25 | B76: Act. EXP | D76: {=INDEX(RecipeMappedExp.csv!$B$4:$B$103,$A76,1)} -> 3783 | E76: {=IFERROR(INDEX(RecipeMappedExp.csv!$C$4:$X$103,$A76,1 + E$1),"")} -> 1261 | F76: {=IFERROR(INDEX(RecipeMappedExp.csv!$C$4:$X$103,$A76,1 + F$1),"")} -> 1210 | G76: {=IFERROR(INDEX(RecipeMappedExp.csv!$C$4:$X$103,$A76,1 + G$1),"")} -> 1160 | H76: {=IFERROR(INDEX(RecipeMappedExp.csv!$C$4:$X$103,$A76,1 + H$1),"")} -> 1109 | I76: {=IFERROR(INDEX(RecipeMappedExp.csv!$C$4:$X$103,$A76,1 + I$1),"")} -> 1059 | J76: {=IFERROR(INDEX(RecipeMappedExp.csv!$C$4:$X$103,$A76,1 + J$1),"")} -> 1008 | K76: {=IFERROR(INDEX(RecipeMappedExp.csv!$C$4:$X$103,$A76,1 + K$1),"")} -> 945 | L76: {=IFERROR(INDEX(RecipeMappedExp.csv!$C$4:$X$103,$A76,1 + L$1),"")} -> 882 | ... Z76: {=IFERROR(INDEX(RecipeMappedExp.csv!$C$4:$X$103,$A76,1 + Z$1),"")} -> 126
B77: Exp. EXP | D77: =D76 -> 3783 | E77: {=FLOOR($D76 / 3 * $E$2:$Z$2 / 100,1)} -> 1261 | F77: 1210 | G77: 1160 | H77: 1109 | I77: 1059 | J77: 1008 | K77: 945 | L77: 882 | M77: 819 | N77: 756 | O77: 693 | P77: 567 | Q77: 441 | R77: 315 | S77: 252 | T77: 226 | U77: 201 | V77: 189 | W77: 176 | X77: 163 | Y77: 151 | Z77: 126 | AA77: {=IF($D77:$Z77 = $D76:$Z76,TRUE,FALSE)} -> TRUE | AB77: TRUE | AC77: TRUE | AD77: TRUE | AE77: TRUE | AF77: TRUE | AG77: TRUE | AH77: TRUE | AI77: TRUE | AJ77: TRUE | AK77: TRUE | AL77: TRUE | AM77: TRUE | AN77: TRUE | AO77: TRUE | AP77: TRUE | AQ77: TRUE | AR77: TRUE | AS77: TRUE | AT77: TRUE | AU77: TRUE | AV77: TRUE | AW77: TRUE
B78: Exp. MOD | D78: {=IFERROR(ROUND(D76:Z76 / $E76 * 100,0),"")} -> 300 | E78: 100 | F78: 96 | G78: 92 | H78: 88 | I78: 84 | J78: 80 | K78: 75 | L78: 70 | M78: 65 | N78: 60 | O78: 55 | P78: 45 | Q78: 35 | R78: 25 | S78: 20 | T78: 18 | U78: 16 | V78: 15 | W78: 14 | X78: 13 | Y78: 12 | Z78: 10
A79: 26 | B79: Act. EXP | D79: {=INDEX(RecipeMappedExp.csv!$B$4:$B$103,$A79,1)} -> 4383 | E79: {=IFERROR(INDEX(RecipeMappedExp.csv!$C$4:$X$103,$A79,1 + E$1),"")} -> 1461 | F79: {=IFERROR(INDEX(RecipeMappedExp.csv!$C$4:$X$103,$A79,1 + F$1),"")} -> 1402 | G79: {=IFERROR(INDEX(RecipeMappedExp.csv!$C$4:$X$103,$A79,1 + G$1),"")} -> 1344 | H79: {=IFERROR(INDEX(RecipeMappedExp.csv!$C$4:$X$103,$A79,1 + H$1),"")} -> 1285 | I79: {=IFERROR(INDEX(RecipeMappedExp.csv!$C$4:$X$103,$A79,1 + I$1),"")} -> 1227 | J79: {=IFERROR(INDEX(RecipeMappedExp.csv!$C$4:$X$103,$A79,1 + J$1),"")} -> 1168 | K79: {=IFERROR(INDEX(RecipeMappedExp.csv!$C$4:$X$103,$A79,1 + K$1),"")} -> 1095 | L79: {=IFERROR(INDEX(RecipeMappedExp.csv!$C$4:$X$103,$A79,1 + L$1),"")} -> 1022 | ... Z79: {=IFERROR(INDEX(RecipeMappedExp.csv!$C$4:$X$103,$A79,1 + Z$1),"")} -> 146
B80: Exp. EXP | D80: =D79 -> 4383 | E80: {=FLOOR($D79 / 3 * $E$2:$Z$2 / 100,1)} -> 1461 | F80: 1402 | G80: 1344 | H80: 1285 | I80: 1227 | J80: 1168 | K80: 1095 | L80: 1022 | M80: 949 | N80: 876 | O80: 803 | P80: 657 | Q80: 511 | R80: 365 | S80: 292 | T80: 262 | U80: 233 | V80: 219 | W80: 204 | X80: 189 | Y80: 175 | Z80: 146 | AA80: {=IF($D80:$Z80 = $D79:$Z79,TRUE,FALSE)} -> TRUE | AB80: TRUE | AC80: TRUE | AD80: TRUE | AE80: TRUE | AF80: TRUE | AG80: TRUE | AH80: TRUE | AI80: TRUE | AJ80: TRUE | AK80: TRUE | AL80: TRUE | AM80: TRUE | AN80: TRUE | AO80: TRUE | AP80: TRUE | AQ80: TRUE | AR80: TRUE | AS80: TRUE | AT80: TRUE | AU80: TRUE | AV80: TRUE | AW80: TRUE
B81: Exp. MOD | D81: {=IFERROR(ROUND(D79:Z79 / $E79 * 100,0),"")} -> 300 | E81: 100 | F81: 96 | G81: 92 | H81: 88 | I81: 84 | J81: 80 | K81: 75 | L81: 70 | M81: 65 | N81: 60 | O81: 55 | P81: 45 | Q81: 35 | R81: 25 | S81: 20 | T81: 18 | U81: 16 | V81: 15 | W81: 14 | X81: 13 | Y81: 12 | Z81: 10
A82: 27 | B82: Act. EXP | D82: {=INDEX(RecipeMappedExp.csv!$B$4:$B$103,$A82,1)} -> 4683 | E82: {=IFERROR(INDEX(RecipeMappedExp.csv!$C$4:$X$103,$A82,1 + E$1),"")} -> 1561 | F82: {=IFERROR(INDEX(RecipeMappedExp.csv!$C$4:$X$103,$A82,1 + F$1),"")} -> 1498 | G82: {=IFERROR(INDEX(RecipeMappedExp.csv!$C$4:$X$103,$A82,1 + G$1),"")} -> 1436 | H82: {=IFERROR(INDEX(RecipeMappedExp.csv!$C$4:$X$103,$A82,1 + H$1),"")} -> 1373 | I82: {=IFERROR(INDEX(RecipeMappedExp.csv!$C$4:$X$103,$A82,1 + I$1),"")} -> 1311 | J82: {=IFERROR(INDEX(RecipeMappedExp.csv!$C$4:$X$103,$A82,1 + J$1),"")} -> 1248 | K82: {=IFERROR(INDEX(RecipeMappedExp.csv!$C$4:$X$103,$A82,1 + K$1),"")} -> 1170 | L82: {=IFERROR(INDEX(RecipeMappedExp.csv!$C$4:$X$103,$A82,1 + L$1),"")} -> 1092 | ... Z82: {=IFERROR(INDEX(RecipeMappedExp.csv!$C$4:$X$103,$A82,1 + Z$1),"")} -> 156
B83: Exp. EXP | D83: =D82 -> 4683 | E83: {=FLOOR($D82 / 3 * $E$2:$Z$2 / 100,1)} -> 1561 | F83: 1498 | G83: 1436 | H83: 1373 | I83: 1311 | J83: 1248 | K83: 1170 | L83: 1092 | M83: 1014 | N83: 936 | O83: 858 | P83: 702 | Q83: 546 | R83: 390 | S83: 312 | T83: 280 | U83: 249 | V83: 234 | W83: 218 | X83: 202 | Y83: 187 | Z83: 156 | AA83: {=IF($D83:$Z83 = $D82:$Z82,TRUE,FALSE)} -> TRUE | AB83: TRUE | AC83: TRUE | AD83: TRUE | AE83: TRUE | AF83: TRUE | AG83: TRUE | AH83: TRUE | AI83: TRUE | AJ83: TRUE | AK83: TRUE | AL83: TRUE | AM83: TRUE | AN83: TRUE | AO83: TRUE | AP83: TRUE | AQ83: TRUE | AR83: TRUE | AS83: TRUE | AT83: TRUE | AU83: TRUE | AV83: TRUE | AW83: TRUE
B84: Exp. MOD | D84: {=IFERROR(ROUND(D82:Z82 / $E82 * 100,0),"")} -> 300 | E84: 100 | F84: 96 | G84: 92 | H84: 88 | I84: 84 | J84: 80 | K84: 75 | L84: 70 | M84: 65 | N84: 60 | O84: 55 | P84: 45 | Q84: 35 | R84: 25 | S84: 20 | T84: 18 | U84: 16 | V84: 15 | W84: 14 | X84: 13 | Y84: 12 | Z84: 10
A85: 28 | B85: Act. EXP | D85: {=INDEX(RecipeMappedExp.csv!$B$4:$B$103,$A85,1)} -> 5199 | E85: {=IFERROR(INDEX(RecipeMappedExp.csv!$C$4:$X$103,$A85,1 + E$1),"")} -> 1733 | F85: {=IFERROR(INDEX(RecipeMappedExp.csv!$C$4:$X$103,$A85,1 + F$1),"")} -> 1663 | G85: {=IFERROR(INDEX(RecipeMappedExp.csv!$C$4:$X$103,$A85,1 + G$1),"")} -> 1594 | H85: {=IFERROR(INDEX(RecipeMappedExp.csv!$C$4:$X$103,$A85,1 + H$1),"")} -> 1525 | I85: {=IFERROR(INDEX(RecipeMappedExp.csv!$C$4:$X$103,$A85,1 + I$1),"")} -> 1455 | J85: {=IFERROR(INDEX(RecipeMappedExp.csv!$C$4:$X$103,$A85,1 + J$1),"")} -> 1386 | K85: {=IFERROR(INDEX(RecipeMappedExp.csv!$C$4:$X$103,$A85,1 + K$1),"")} -> 1299 | L85: {=IFERROR(INDEX(RecipeMappedExp.csv!$C$4:$X$103,$A85,1 + L$1),"")} -> 1213 | ... Z85: {=IFERROR(INDEX(RecipeMappedExp.csv!$C$4:$X$103,$A85,1 + Z$1),"")} -> 173
B86: Exp. EXP | D86: =D85 -> 5199 | E86: {=FLOOR($D85 / 3 * $E$2:$Z$2 / 100,1)} -> 1733 | F86: 1663 | G86: 1594 | H86: 1525 | I86: 1455 | J86: 1386 | K86: 1299 | L86: 1213 | M86: 1126 | N86: 1039 | O86: 953 | P86: 779 | Q86: 606 | R86: 433 | S86: 346 | T86: 311 | U86: 277 | V86: 259 | W86: 242 | X86: 225 | Y86: 207 | Z86: 173 | AA86: {=IF($D86:$Z86 = $D85:$Z85,TRUE,FALSE)} -> TRUE | AB86: TRUE | AC86: TRUE | AD86: TRUE | AE86: TRUE | AF86: TRUE | AG86: TRUE | AH86: TRUE | AI86: TRUE | AJ86: TRUE | AK86: TRUE | AL86: TRUE | AM86: TRUE | AN86: TRUE | AO86: TRUE | AP86: TRUE | AQ86: TRUE | AR86: TRUE | AS86: TRUE | AT86: TRUE | AU86: TRUE | AV86: TRUE | AW86: TRUE
B87: Exp. MOD | D87: {=IFERROR(ROUND(D85:Z85 / $E85 * 100,0),"")} -> 300 | E87: 100 | F87: 96 | G87: 92 | H87: 88 | I87: 84 | J87: 80 | K87: 75 | L87: 70 | M87: 65 | N87: 60 | O87: 55 | P87: 45 | Q87: 35 | R87: 25 | S87: 20 | T87: 18 | U87: 16 | V87: 15 | W87: 14 | X87: 13 | Y87: 12 | Z87: 10
A88: 29 | B88: Act. EXP | D88: {=INDEX(RecipeMappedExp.csv!$B$4:$B$103,$A88,1)} -> 5511 | E88: {=IFERROR(INDEX(RecipeMappedExp.csv!$C$4:$X$103,$A88,1 + E$1),"")} -> 1837 | F88: {=IFERROR(INDEX(RecipeMappedExp.csv!$C$4:$X$103,$A88,1 + F$1),"")} -> 1763 | G88: {=IFERROR(INDEX(RecipeMappedExp.csv!$C$4:$X$103,$A88,1 + G$1),"")} -> 1690 | H88: {=IFERROR(INDEX(RecipeMappedExp.csv!$C$4:$X$103,$A88,1 + H$1),"")} -> 1616 | I88: {=IFERROR(INDEX(RecipeMappedExp.csv!$C$4:$X$103,$A88,1 + I$1),"")} -> 1543 | J88: {=IFERROR(INDEX(RecipeMappedExp.csv!$C$4:$X$103,$A88,1 + J$1),"")} -> 1469 | K88: {=IFERROR(INDEX(RecipeMappedExp.csv!$C$4:$X$103,$A88,1 + K$1),"")} -> 1377 | L88: {=IFERROR(INDEX(RecipeMappedExp.csv!$C$4:$X$103,$A88,1 + L$1),"")} -> 1285 | ... Z88: {=IFERROR(INDEX(RecipeMappedExp.csv!$C$4:$X$103,$A88,1 + Z$1),"")} -> 183
B89: Exp. EXP | D89: =D88 -> 5511 | E89: {=FLOOR($D88 / 3 * $E$2:$Z$2 / 100,1)} -> 1837 | F89: 1763 | G89: 1690 | H89: 1616 | I89: 1543 | J89: 1469 | K89: 1377 | L89: 1285 | M89: 1194 | N89: 1102 | O89: 1010 | P89: 826 | Q89: 642 | R89: 459 | S89: 367 | T89: 330 | U89: 293 | V89: 275 | W89: 257 | X89: 238 | Y89: 220 | Z89: 183 | AA89: {=IF($D89:$Z89 = $D88:$Z88,TRUE,FALSE)} -> TRUE | AB89: TRUE | AC89: TRUE | AD89: TRUE | AE89: TRUE | AF89: TRUE | AG89: TRUE | AH89: TRUE | AI89: TRUE | AJ89: TRUE | AK89: TRUE | AL89: TRUE | AM89: TRUE | AN89: TRUE | AO89: TRUE | AP89: TRUE | AQ89: TRUE | AR89: TRUE | AS89: TRUE | AT89: TRUE | AU89: TRUE | AV89: TRUE | AW89: TRUE
B90: Exp. MOD | D90: {=IFERROR(ROUND(D88:Z88 / $E88 * 100,0),"")} -> 300 | E90: 100 | F90: 96 | G90: 92 | H90: 88 | I90: 84 | J90: 80 | K90: 75 | L90: 70 | M90: 65 | N90: 60 | O90: 55 | P90: 45 | Q90: 35 | R90: 25 | S90: 20 | T90: 18 | U90: 16 | V90: 15 | W90: 14 | X90: 13 | Y90: 12 | Z90: 10
A91: 30 | B91: Act. EXP | D91: {=INDEX(RecipeMappedExp.csv!$B$4:$B$103,$A91,1)} -> 5745 | E91: {=IFERROR(INDEX(RecipeMappedExp.csv!$C$4:$X$103,$A91,1 + E$1),"")} -> 1915 | F91: {=IFERROR(INDEX(RecipeMappedExp.csv!$C$4:$X$103,$A91,1 + F$1),"")} -> 1838 | G91: {=IFERROR(INDEX(RecipeMappedExp.csv!$C$4:$X$103,$A91,1 + G$1),"")} -> 1761 | H91: {=IFERROR(INDEX(RecipeMappedExp.csv!$C$4:$X$103,$A91,1 + H$1),"")} -> 1685 | I91: {=IFERROR(INDEX(RecipeMappedExp.csv!$C$4:$X$103,$A91,1 + I$1),"")} -> 1608 | J91: {=IFERROR(INDEX(RecipeMappedExp.csv!$C$4:$X$103,$A91,1 + J$1),"")} -> 1532 | K91: {=IFERROR(INDEX(RecipeMappedExp.csv!$C$4:$X$103,$A91,1 + K$1),"")} -> 1436 | L91: {=IFERROR(INDEX(RecipeMappedExp.csv!$C$4:$X$103,$A91,1 + L$1),"")} -> 1340 | ... Z91: {=IFERROR(INDEX(RecipeMappedExp.csv!$C$4:$X$103,$A91,1 + Z$1),"")} -> 191
B92: Exp. EXP | D92: =D91 -> 5745 | E92: {=FLOOR($D91 / 3 * $E$2:$Z$2 / 100,1)} -> 1915 | F92: 1838 | G92: 1761 | H92: 1685 | I92: 1608 | J92: 1532 | K92: 1436 | L92: 1340 | M92: 1244 | N92: 1149 | O92: 1053 | P92: 861 | Q92: 670 | R92: 478 | S92: 383 | T92: 344 | U92: 306 | V92: 287 | W92: 268 | X92: 248 | Y92: 229 | Z92: 191 | AA92: {=IF($D92:$Z92 = $D91:$Z91,TRUE,FALSE)} -> TRUE | AB92: TRUE | AC92: TRUE | AD92: TRUE | AE92: TRUE | AF92: TRUE | AG92: TRUE | AH92: TRUE | AI92: TRUE | AJ92: TRUE | AK92: TRUE | AL92: TRUE | AM92: TRUE | AN92: TRUE | AO92: TRUE | AP92: TRUE | AQ92: TRUE | AR92: TRUE | AS92: TRUE | AT92: TRUE | AU92: TRUE | AV92: TRUE | AW92: TRUE
B93: Exp. MOD | D93: {=IFERROR(ROUND(D91:Z91 / $E91 * 100,0),"")} -> 300 | E93: 100 | F93: 96 | G93: 92 | H93: 88 | I93: 84 | J93: 80 | K93: 75 | L93: 70 | M93: 65 | N93: 60 | O93: 55 | P93: 45 | Q93: 35 | R93: 25 | S93: 20 | T93: 18 | U93: 16 | V93: 15 | W93: 14 | X93: 13 | Y93: 12 | Z93: 10
A94: 31 | B94: Act. EXP | D94: {=INDEX(RecipeMappedExp.csv!$B$4:$B$103,$A94,1)} -> 6216 | E94: {=IFERROR(INDEX(RecipeMappedExp.csv!$C$4:$X$103,$A94,1 + E$1),"")} -> 2072 | F94: {=IFERROR(INDEX(RecipeMappedExp.csv!$C$4:$X$103,$A94,1 + F$1),"")} -> 1989 | G94: {=IFERROR(INDEX(RecipeMappedExp.csv!$C$4:$X$103,$A94,1 + G$1),"")} -> 1906 | H94: {=IFERROR(INDEX(RecipeMappedExp.csv!$C$4:$X$103,$A94,1 + H$1),"")} -> 1823 | I94: {=IFERROR(INDEX(RecipeMappedExp.csv!$C$4:$X$103,$A94,1 + I$1),"")} -> 1740 | J94: {=IFERROR(INDEX(RecipeMappedExp.csv!$C$4:$X$103,$A94,1 + J$1),"")} -> 1657 | K94: {=IFERROR(INDEX(RecipeMappedExp.csv!$C$4:$X$103,$A94,1 + K$1),"")} -> 1554 | L94: {=IFERROR(INDEX(RecipeMappedExp.csv!$C$4:$X$103,$A94,1 + L$1),"")} -> 1450 | ... Z94: {=IFERROR(INDEX(RecipeMappedExp.csv!$C$4:$X$103,$A94,1 + Z$1),"")} -> 207
B95: Exp. EXP | D95: =D94 -> 6216 | E95: {=FLOOR($D94 / 3 * $E$2:$Z$2 / 100,1)} -> 2072 | F95: 1989 | G95: 1906 | H95: 1823 | I95: 1740 | J95: 1657 | K95: 1554 | L95: 1450 | M95: 1346 | N95: 1243 | O95: 1139 | P95: 932 | Q95: 725 | R95: 518 | S95: 414 | T95: 372 | U95: 331 | V95: 310 | W95: 290 | X95: 269 | Y95: 248 | Z95: 207 | AA95: {=IF($D95:$Z95 = $D94:$Z94,TRUE,FALSE)} -> TRUE | AB95: TRUE | AC95: TRUE | AD95: TRUE | AE95: TRUE | AF95: TRUE | AG95: TRUE | AH95: TRUE | AI95: TRUE | AJ95: TRUE | AK95: TRUE | AL95: TRUE | AM95: TRUE | AN95: TRUE | AO95: TRUE | AP95: TRUE | AQ95: TRUE | AR95: TRUE | AS95: TRUE | AT95: TRUE | AU95: TRUE | AV95: TRUE | AW95: TRUE
B96: Exp. MOD | D96: {=IFERROR(ROUND(D94:Z94 / $E94 * 100,0),"")} -> 300 | E96: 100 | F96: 96 | G96: 92 | H96: 88 | I96: 84 | J96: 80 | K96: 75 | L96: 70 | M96: 65 | N96: 60 | O96: 55 | P96: 45 | Q96: 35 | R96: 25 | S96: 20 | T96: 18 | U96: 16 | V96: 15 | W96: 14 | X96: 13 | Y96: 12 | Z96: 10
A97: 32 | B97: Act. EXP | D97: {=INDEX(RecipeMappedExp.csv!$B$4:$B$103,$A97,1)} -> 6948 | E97: {=IFERROR(INDEX(RecipeMappedExp.csv!$C$4:$X$103,$A97,1 + E$1),"")} -> 2316 | F97: {=IFERROR(INDEX(RecipeMappedExp.csv!$C$4:$X$103,$A97,1 + F$1),"")} -> 2223 | G97: {=IFERROR(INDEX(RecipeMappedExp.csv!$C$4:$X$103,$A97,1 + G$1),"")} -> 2130 | H97: {=IFERROR(INDEX(RecipeMappedExp.csv!$C$4:$X$103,$A97,1 + H$1),"")} -> 2038 | I97: {=IFERROR(INDEX(RecipeMappedExp.csv!$C$4:$X$103,$A97,1 + I$1),"")} -> 1945 | J97: {=IFERROR(INDEX(RecipeMappedExp.csv!$C$4:$X$103,$A97,1 + J$1),"")} -> 1852 | K97: {=IFERROR(INDEX(RecipeMappedExp.csv!$C$4:$X$103,$A97,1 + K$1),"")} -> 1737 | L97: {=IFERROR(INDEX(RecipeMappedExp.csv!$C$4:$X$103,$A97,1 + L$1),"")} -> 1621 | ... Z97: {=IFERROR(INDEX(RecipeMappedExp.csv!$C$4:$X$103,$A97,1 + Z$1),"")} -> 231
B98: Exp. EXP | D98: =D97 -> 6948 | E98: {=FLOOR($D97 / 3 * $E$2:$Z$2 / 100,1)} -> 2316 | F98: 2223 | G98: 2130 | H98: 2038 | I98: 1945 | J98: 1852 | K98: 1737 | L98: 1621 | M98: 1505 | N98: 1389 | O98: 1273 | P98: 1042 | Q98: 810 | R98: 579 | S98: 463 | T98: 416 | U98: 370 | V98: 347 | W98: 324 | X98: 301 | Y98: 277 | Z98: 231 | AA98: {=IF($D98:$Z98 = $D97:$Z97,TRUE,FALSE)} -> TRUE | AB98: TRUE | AC98: TRUE | AD98: TRUE | AE98: TRUE | AF98: TRUE | AG98: TRUE | AH98: TRUE | AI98: TRUE | AJ98: TRUE | AK98: TRUE | AL98: TRUE | AM98: TRUE | AN98: TRUE | AO98: TRUE | AP98: TRUE | AQ98: TRUE | AR98: TRUE | AS98: TRUE | AT98: TRUE | AU98: TRUE | AV98: TRUE | AW98: TRUE
B99: Exp. MOD | D99: {=IFERROR(ROUND(D97:Z97 / $E97 * 100,0),"")} -> 300 | E99: 100 | F99: 96 | G99: 92 | H99: 88 | I99: 84 | J99: 80 | K99: 75 | L99: 70 | M99: 65 | N99: 60 | O99: 55 | P99: 45 | Q99: 35 | R99: 25 | S99: 20 | T99: 18 | U99: 16 | V99: 15 | W99: 14 | X99: 13 | Y99: 12 | Z99: 10
A100: 33 | B100: Act. EXP | D100: {=INDEX(RecipeMappedExp.csv!$B$4:$B$103,$A100,1)} -> 7452 | E100: {=IFERROR(INDEX(RecipeMappedExp.csv!$C$4:$X$103,$A100,1 + E$1),"")} -> 2484 | F100: {=IFERROR(INDEX(RecipeMappedExp.csv!$C$4:$X$103,$A100,1 + F$1),"")} -> 2384 | G100: {=IFERROR(INDEX(RecipeMappedExp.csv!$C$4:$X$103,$A100,1 + G$1),"")} -> 2285 | H100: {=IFERROR(INDEX(RecipeMappedExp.csv!$C$4:$X$103,$A100,1 + H$1),"")} -> 2185 | I100: {=IFERROR(INDEX(RecipeMappedExp.csv!$C$4:$X$103,$A100,1 + I$1),"")} -> 2086 | J100: {=IFERROR(INDEX(RecipeMappedExp.csv!$C$4:$X$103,$A100,1 + J$1),"")} -> 1987 | K100: {=IFERROR(INDEX(RecipeMappedExp.csv!$C$4:$X$103,$A100,1 + K$1),"")} -> 1863 | L100: {=IFERROR(INDEX(RecipeMappedExp.csv!$C$4:$X$103,$A100,1 + L$1),"")} -> 1738 | ... Z100: {=IFERROR(INDEX(RecipeMappedExp.csv!$C$4:$X$103,$A100,1 + Z$1),"")} -> 248
...

Sheet Tests
A1: HQ Bonus Tests
A3: Class Job Level: | B3: Class Job Level: | C3: Class Job Level: | D3: Class Job Level: | E3: Class Job Level: | F3: Class Job Level: | G3: Class Job Level:
A4: 59 | B4: 58 | C4: 58 | D4: 58 | E4: 58 | F4: 58 | G4: 59
A5: Apparent Recipe Level: | B5: Apparent Recipe Level: | C5: Apparent Recipe Level: | D5: Apparent Recipe Level: | E5: Apparent Recipe Level: | F5: Apparent Recipe Level: | G5: Apparent Recipe Level:
A6: 58 | B6: 58 | C6: 58 | D6: 58 | E6: 58 | F6: 58 | G6: 58
A7: Control: | B7: Control: | C7: Control: | D7: Control: | E7: Control: | F7: Control: | G7: Control:
A8: 426 | B8: 426 | C8: 426 | D8: 426 | E8: 426 | F8: 426 | G8: 426
A9: Quality Gain: | B9: Quality Gain: | C9: Quality Gain: | D9: Quality Gain: | E9: Quality Gain: | F9: Quality Gain: | G9: Quality Gain:
A10: 1760 | B10: 2000 | C10: 2040 | D10: 1922 | E10: 1890 | F10: 1392 | G10: 1061
A11: Total Quality: | B11: Total Quality: | C11: Total Quality: | D11: Total Quality: | E11: Total Quality: | F11: Total Quality: | G11: Total Quality:
A12: 2048 | B12: 2048 | C12: 2048 | D12: 2048 | E12: 2048 | F12: 2048 | G12: 2048
A13: Quality Factor: | B13: Quality Factor: | C13: Quality Factor: | D13: Quality Factor: | E13: Quality Factor: | F13: Quality Factor: | G13: Quality Factor:
A14: =FLOOR(A10 / A12 * 100,1) -> 85 | B14: =FLOOR(B10 / B12 * 100,1) -> 97 | C14: =FLOOR(C10 / C12 * 100,1) -> 99 | D14: =FLOOR(D10 / D12 * 100,1) -> 93 | E14: =FLOOR(E10 / E12 * 100,1) -> 92 | F14: =FLOOR(F10 / F12 * 100,1) -> 67 | G14: =FLOOR(G10 / G12 * 100,1) -> 51
A15: In-Game Exp Bonus: | B15: In-Game Exp Bonus: | C15: In-Game Exp Bonus: | D15: In-Game Exp Bonus: | E15: In-Game Exp Bonus: | F15: In-Game Exp Bonus: | G15: In-Game Exp Bonus:
A16: 2.93 | B16: 2.99 | C16: 3 | D16: 2.97 | E16: 2.96 | F16: 2.74 | G16: 2.96
A17: In-Game Exp Gain: | B17: In-Game Exp Gain: | C17: In-Game Exp Gain: | D17: In-Game Exp Gain: | E17: In-Game Exp Gain: | F17: In-Game Exp Gain: | G17: In-Game Exp Gain:
A18: 65646 | B18: 69426 | C18: 69600 | D18: 69078 | E18: 68904 | F18: 65076 | G18: 57127
A19: Expected Exp Bonus: | B19: Expected Exp Bonus: | C19: Expected Exp Bonus: | D19: Expected Exp Bonus: | E19: Expected Exp Bonus: | F19: Expected Exp Bonus: | G19: Expected Exp Bonus:
A20: =VLOOKUP(A14,RecipeBonusExpTable,2,0) / 100 -> 2.93 | B20: =VLOOKUP(B14,RecipeBonusExpTable,2,0) / 100 -> 2.99 | C20: =VLOOKUP(C14,RecipeBonusExpTable,2,0) / 100 -> 3 | D20: =VLOOKUP(D14,RecipeBonusExpTable,2,0) / 100 -> 2.97 | E20: =VLOOKUP(E14,RecipeBonusExpTable,2,0) / 100 -> 2.96 | F20: =VLOOKUP(F14,RecipeBonusExpTable,2,0) / 100 -> 2.74 | G20: =VLOOKUP(G14,RecipeBonusExpTable,2,0) / 100 -> 2.42
A21: Expected Exp Gain: | B21: Expected Exp Gain: | C21: Expected Exp Gain: | D21: Expected Exp Gain: | E21: Expected Exp Gain: | F21: Expected Exp Gain: | G21: Expected Exp Gain:
A22: =FLOOR(FLOOR(VLOOKUP(A6,RecipeBaseExpTable,2,0) / 3,1) * VLOOKUP(MIN(21,MAX(0,A4 - A6)),RecipeExpModTable,2,0) / 100 * (1 + VLOOKUP(A14,RecipeBonusExpTable,2,0) / 100),1) -> 65646 | B22: =FLOOR(FLOOR(VLOOKUP(B6,RecipeBaseExpTable,2,0) / 3,1) * VLOOKUP(MIN(21,MAX(0,B4 - B6)),RecipeExpModTable,2,0) / 100 * (1 + VLOOKUP(B14,RecipeBonusExpTable,2,0) / 100),1) -> 69426 | C22: =FLOOR(FLOOR(VLOOKUP(C6,RecipeBaseExpTable,2,0) / 3,1) * VLOOKUP(MIN(21,MAX(0,C4 - C6)),RecipeExpModTable,2,0) / 100 * (1 + VLOOKUP(C14,RecipeBonusExpTable,2,0) / 100),1) -> 69600 | D22: =FLOOR(FLOOR(VLOOKUP(D6,RecipeBaseExpTable,2,0) / 3,1) * VLOOKUP(MIN(21,MAX(0,D4 - D6)),RecipeExpModTable,2,0) / 100 * (1 + VLOOKUP(D14,RecipeBonusExpTable,2,0) / 100),1) -> 69078 | E22: =FLOOR(FLOOR(VLOOKUP(E6,RecipeBaseExpTable,2,0) / 3,1) * VLOOKUP(MIN(21,MAX(0,E4 - E6)),RecipeExpModTable,2,0) / 100 * (1 + VLOOKUP(E14,RecipeBonusExpTable,2,0) / 100),1) -> 68904 | F22: =FLOOR(FLOOR(VLOOKUP(F6,RecipeBaseExpTable,2,0) / 3,1) * VLOOKUP(MIN(21,MAX(0,F4 - F6)),RecipeExpModTable,2,0) / 100 * (1 + VLOOKUP(F14,RecipeBonusExpTable,2,0) / 100),1) -> 65076 | G22: =FLOOR(FLOOR(VLOOKUP(G6,RecipeBaseExpTable,2,0) / 3,1) * VLOOKUP(MIN(21,MAX(0,G4 - G6)),RecipeExpModTable,2,0) / 100 * (1 + VLOOKUP(G14,RecipeBonusExpTable,2,0) / 100),1) -> 57127

Sheet ExpPerLevel
A1: Level | B1: Exp | C1: Total
A2: 1~2 | B2: 300 | C2: 300 | D2: =B2 -> 300
A3: 2~3 | B3: 450 | C3: 750 | D3: =B3 - B2 -> 150
A4: 3~4 | B4: 630 | C4: 1380 | D4: =B4 - B3 -> 180
A5: 4~5 | B5: 970 | C5: 2350 | D5: =B5 - B4 -> 340
A6: 5~6 | B6: 1440 | C6: 3790 | D6: =B6 - B5 -> 470
A7: 6~7 | B7: 1940 | C7: 5730 | D7: =B7 - B6 -> 500
A8: 7~8 | B8: 3000 | C8: 8730 | D8: =B8 - B7 -> 1060
A9: 8~9 | B9: 3920 | C9: 12650 | D9: =B9 - B8 -> 920
A10: 9~10 | B10: 4970 | C10: 17620 | D10: =B10 - B9 -> 1050
A11: 10~11 | B11: 5900 | C11: 23520 | D11: =B11 - B10 -> 930
A12: 11~12 | B12: 7430 | C12: 30950 | D12: =B12 - B11 -> 1530
A13: 12~13 | B13: 8620 | C13: 39570 | D13: =B13 - B12 -> 1190
A14: 13~14 | B14: 10200 | C14: 49770 | D14: =B14 - B13 -> 1580
... A90: 89~90 | B90: 10838000 | C90: 150922270 | D90: =B90 - B89 -> 379000

Sheet RecipeBaseExpTable
A1: LEVEL | B1: BASE EXP
A2: 1 | B2: 540
A3: 2 | B3: 582
A4: 3 | B4: 630
A5: 4 | B5: 795
A6: 5 | B6: 996
A7: 6 | B7: 1050
A8: 7 | B8: 1176
A9: 8 | B9: 1263
A10: 9 | B10: 1356
A11: 10 | B11: 1437
A12: 11 | B12: 1629
A13: 12 | B13: 1725
... A101: 100 | B101: 522414

Sheet RecipeExpModTable
A1: DIFF | B1: MOD
A2: 0 | B2: 100
A3: 1 | B3: 96
A4: 2 | B4: 92
A5: 3 | B5: 88
A6: 4 | B6: 84
A7: 5 | B7: 80
A8: 6 | B8: 75
A9: 7 | B9: 70
A10: 8 | B10: 65
A11: 9 | B11: 60
A12: 10 | B12: 55
A13: 11 | B13: 45
... A23: 21 | B23: 10

Sheet RecipeBonusExpTable
A1: HQ % | B1: EXP BONUS %
A2: {=SEQUENCE(101,1,0,1)} -> 0 | B2: {=FLOOR(IFS( SEQUENCE >= 81,(SEQUENCE - 81) / (99 - 81) * (300 - 291) + 291, SEQUENCE >= 71,(SEQUENCE - 71) / (80 - 71) * (290 - 281) + 281, SEQUENCE >= 51,(SEQUENCE - 51) / (70 - 51) * (280 - 242) + 242, SEQUENCE >= 41,(SEQUENCE - 41) / (50 - 41) * (240 - 213) + 213, SEQUENCE >= 31,(SEQUENCE - 31) / (40 - 31) * (210 - 174) + 174, SEQUENCE >= 21,(SEQUENCE - 21) / (30 - 21) * (170 - 125) + 125, SEQUENCE >= 0, SEQUENCE / 20 * 120),1)} -> 0
A3: 1 | B3: 6
A4: 2 | B4: 12
A5: 3 | B5: 18
A6: 4 | B6: 24
A7: 5 | B7: 30
A8: 6 | B8: 36
A9: 7 | B9: 42
A10: 8 | B10: 48
A11: 9 | B11: 54
A12: 10 | B12: 60
A13: 11 | B13: 66
A14: 12 | B14: 72
... A102: 100 | B102: 300

Sheet NotesCalculator
A1: Exp rewarded from recipes are based on the relationship between Apparent Class Job Level and Apparent Recipe Level. The Internal CrafterLevel(CLvl) and RecipeLevel(Rlvl) values used in the Crafting Formulae are not used in the Exp formulae.
A2: Exp rewarded by completing recipes above your level is the same Exp rewarded by completing recipes equal to your level.
A3: Exp rewarded by completing recipes 21 or more levels below you are the same. Concluding that the Level Difference Modifier has a minimum of 0 and a maximum of 21.
A4: Quick Synthesis has no penalty applied to exp gained. Quick synth exp is the same as manual synth with no quality gain, even if you recieve HQ from quick synth.
A5: Star count has no affect on Exp rewarded. At the same Job Level, a lv.60★★ recipe gives the same Exp reward as a Lv.60 recipe. This applies to all level ranges.
A6: First Time Completion Exp is the same amount regardless of Class Job Level.
A7: First Time Completion Exp when divided by 3 and floored, is equal to Exp Reward with a Level difference of 0. This is not TRUE when done in reverse due to the flooring done. which can be seen on lv81-90 Recipes. Confirming FTC Exp as the base.
A8: The System does not appear to apply multiple exp gains given at the same time all at once. Instead it likely computes one amount at a time, or static gains first. Then it updates your total exp and level, before computing any other exp gains.
A9: To add more clarity to the above, here are some screenshots with their details
A10: The first screenshot was done at lv31 ARM and the recipe is lv31. first time completion exp given first and I remained at lv31. Then normal recipe exp calculated after which =Floor(6216 / 3 * 100 / 100) ,and is what you get with level difference 0.
A14: The second screenshot was done at lv31 ARM and recipe is lv31. first time completion exp given first which leveled me up to lv32. Then normal recipe exp calculated after which =(Floor(6216 / 3 * 96 / 100) , and is what you get with level difference 1.
A19: Quality State represents the quality gain percentage in integer form to the total quality. This is not the same as HQ percentage.
... A95: Crafting Exp Calculator (Try it yourself!)
A97: ClassJobLevel = | C97: 99 | D97: EXP Reward = | G97: =this.ExpReward&"(+"&FLOOR((this.ExpBonus + ExpBuffs) * 100,1)&"%)" -> 766005(+360%)
A98: ApparentRecipeLevel = | C98: 99
A99: QualityGain = | C99: 2800
A100: TotalQuality = | C100: 3500
A101: ExpBuffs = | C101: 0.7
A102: f(LevelDifference) = | D102: ="MIN(21,MAX(0,"&ClassJobLevel&" - "&ApparentRecipeLevel&"))" -> MIN(21,MAX(0,99 - 99))
A103: f(LevelDifference) = | D103: =LEVELDIFFERENCE() -> 0
A104: f(ExpLevelMod) = | F104: ="VLOOKUP("&this.LevelDifference&",RecipeExpModTable,2,0)" -> VLOOKUP(0,RecipeExpModTable,2,0)
A105: f(ExpLevelMod) = | F105: =EXPLEVELMOD() -> 100
A106: f(RecipeExp) = | H106: ="FLOOR(VLOOKUP("&ApparentRecipeLevel&",RecipeBaseExpTable,2,0) / 3 * "&this.ExpLevelMod&" / 100)" -> FLOOR(VLOOKUP(99,RecipeBaseExpTable,2,0) / 3 * 100 / 100)
A107: f(RecipeExp) = | H107: =CRAFTEXP() -> 166523
A108: f(QualityFactor) = | D108: ="FLOOR("&QualityGain&" / "&TotalQuality&" * 100)" -> FLOOR(2800 / 3500 * 100)
A109: f(QualityFactor) = | D109: =QUALITYFACTOR() -> 80
A110: f(ExpBonus) = | F110: ="VLOOKUP("&this.QualityFactor&",RecipeExpBonusTable,2,0) / 100" -> VLOOKUP(80,RecipeExpBonusTable,2,0) / 100
A111: f(ExpBonus) = | F111: =EXPBONUS() -> 2.9
A112: f(ExpReward) = | H112: ="FLOOR("&this.CraftExp&" * (1 + "&this.ExpBonus&")) + FLOOR("&this.CraftExp&" * "&ExpBuffs&"))" -> FLOOR(166523 * (1 + 2.9)) + FLOOR(166523 * 0.7))
A113: f(ExpReward) = | H113: =EXPREWARD() -> 766005
